RentID,BookID,RentDuration
2566,3094,1
1988,1227,7
3265,364,3
3875,1496,9
3717,3655,10
1580,2730,4
78,1080,7
3939,673,3
2298,1185,3
2393,682,4
178,3666,2
3984,3000,12
3997,3535,2
3214,1621,11
3104,3325,8
1521,735,14
3980,1765,6
3879,973,11
788,1318,11
2810,791,1
404,1974,9
1140,2342,7
2055,25,7
2776,1996,3
2953,3182,10
2357,3162,11
2762,1466,6
3805,1108,13
642,1842,2
1161,3578,7
1203,1865,11
3562,515,7
1838,2942,12
1199,1737,4
3536,3279,14
3459,3068,14
1828,758,14
1387,391,14
1348,751,3
2532,318,8
502,241,4
828,1924,11
3037,2520,1
2941,1035,8
3706,906,2
1555,1535,13
2351,1220,10
3473,2060,12
1741,2508,10
2499,1041,5
2728,1117,10
2770,1881,9
3863,3330,14
2458,1986,10
1270,1707,2
2989,2389,13
1818,3176,6
1485,3862,1
3971,1097,5
3492,1276,14
2968,1705,5
236,2141,3
359,1966,5
3876,722,3
3107,627,7
2350,1738,3
1713,2268,7
1487,3771,5
3834,1475,7
4000,1598,2
2269,2506,6
2620,1820,11
2817,1327,1
3318,1637,14
3933,1328,7
2765,3661,1
1246,2858,13
341,3223,7
2182,2278,11
3447,2684,13
2654,3383,14
499,2381,9
3214,1373,2
1300,2030,3
1677,2137,10
2580,3530,4
3021,2284,8
410,3515,4
784,3753,5
3238,3135,1
955,3560,14
150,2701,11
2178,3053,1
2191,2400,11
2734,2823,11
3606,2824,5
3858,1995,6
2835,2729,11
1445,1773,8
671,299,3
1970,1663,10
2851,3067,6
993,3310,6
3477,844,8
699,418,2
581,1518,3
330,3374,14
2988,3719,10
63,3389,4
2308,1493,8
1286,1885,1
2664,917,8
874,583,14
2051,59,9
1022,2981,8
3146,620,5
39,125,14
1450,3503,9
3305,1449,9
3198,2198,13
3764,2865,12
1154,896,7
983,1199,1
2341,2171,5
1765,2721,11
1997,1205,4
3770,3420,12
2743,3354,12
3834,2179,4
1626,712,9
75,1392,9
379,3576,1
1427,1361,7
3594,3358,2
852,3502,13
3780,1211,9
2118,1239,13
1076,1606,1
574,2608,5
1720,1232,4
67,2673,5
2968,3190,10
728,2794,3
3972,2317,6
2903,3823,8
2877,2588,14
193,487,2
1452,1601,12
1301,2340,2
2851,2223,7
3381,1948,10
1857,371,2
3201,3435,3
3852,13,6
1630,2598,6
3836,2732,13
817,3989,9
1879,3609,10
3258,3925,5
432,1802,7
645,1345,5
1088,79,1
1618,2891,14
429,3405,7
1788,2066,12
2724,2189,6
1857,1097,13
1112,3916,6
1347,1601,1
2467,1613,6
1031,2147,5
495,540,10
3848,1438,12
2361,746,14
1554,228,10
369,695,12
429,2519,6
1623,623,10
443,1436,1
2866,2242,12
2048,1471,5
1840,335,3
1677,2200,4
542,1494,7
1000,2541,11
3110,2202,2
3086,1651,13
672,1364,10
3619,1252,1
29,3177,9
3622,3711,9
3358,3826,7
1006,2780,8
2756,2135,13
3436,1168,6
1210,1346,7
2175,669,12
415,2841,13
248,1927,7
2587,308,6
1561,2310,10
3132,590,9
3129,304,5
2417,3796,1
3064,2710,7
1010,2076,6
304,376,6
1879,729,9
3676,591,2
951,1493,9
2256,3939,2
859,1382,5
1914,3401,13
1637,925,8
907,533,4
2220,2713,8
3266,3584,6
3503,2574,3
2404,2224,13
2614,3338,9
1833,1589,10
294,1302,6
3526,214,13
2979,2378,11
1403,2150,13
3800,2271,2
1477,913,4
1270,2554,14
3116,2899,9
285,405,11
2040,2460,9
3850,2383,6
1919,1252,5
2636,1339,7
250,2602,4
3051,1514,7
1781,1811,7
1518,62,14
1549,1683,12
1383,3568,10
781,2653,10
387,2277,5
523,608,13
1027,1388,1
2576,1951,8
1532,1893,9
3079,3366,8
3533,1447,1
773,1865,6
1531,1218,2
2628,2824,2
777,2351,5
2035,2336,8
817,3259,1
3495,1032,13
1476,84,14
1788,749,10
2805,2610,11
3642,3430,9
2156,2905,11
1107,3108,14
3046,3893,8
1651,1151,6
3508,3744,1
1334,2444,1
952,1434,3
3943,1903,1
2467,2672,1
2283,836,5
2102,2494,3
2182,3448,4
90,890,14
658,1116,4
758,3578,7
3916,1886,3
116,441,3
3629,2132,10
1454,1627,8
3649,1884,4
3563,1759,10
1679,3489,5
2606,1135,5
259,278,2
882,428,13
1211,2846,9
2393,3329,9
3965,701,14
1720,3959,9
808,1177,5
3488,2344,6
3367,3629,3
190,242,9
1301,2516,13
2876,1890,13
1942,2296,11
952,2096,6
3158,295,9
768,2606,1
356,3341,2
3240,3925,7
3152,38,10
3785,1412,9
3164,1771,14
1850,327,3
19,2627,12
2229,278,6
3610,3291,10
837,1771,7
2607,996,6
1213,3986,8
1684,3162,5
2096,1736,13
3560,703,1
2936,1760,7
1944,1158,7
138,929,9
3998,401,13
1526,312,7
589,2694,5
1714,71,3
3939,883,8
3450,3877,11
3738,1926,10
3309,911,7
3401,2013,1
891,1410,1
122,1206,13
3431,2243,7
3326,1278,3
3123,1785,13
142,2329,1
2874,2211,1
2845,975,11
2204,887,9
581,1865,3
2944,2044,8
1119,3368,1
940,689,14
2356,623,1
2574,3565,6
2033,3883,10
2587,3850,12
3229,1566,7
1224,1295,9
141,1460,11
227,1541,8
476,3712,10
3906,911,8
1032,2008,14
3042,3241,4
3164,1572,11
3495,1637,11
3133,728,3
1478,3785,14
1573,210,8
3069,435,8
2274,3507,4
943,3754,14
3233,683,7
3913,889,8
2075,68,4
1898,3380,13
3877,1602,10
1832,375,13
23,522,9
4000,1494,4
3315,1357,2
3645,657,11
2295,2201,5
2769,3131,14
1858,3464,6
1502,1008,8
2250,1229,11
792,85,13
827,1892,8
2387,3584,1
3621,105,4
3923,2715,4
3715,2697,12
1663,983,10
3642,3237,8
1765,573,10
1224,1967,10
1258,1238,3
3172,1192,9
582,3484,10
3365,2989,6
2929,3835,6
237,3691,9
2267,359,6
2792,3987,6
1908,2074,6
2065,996,6
572,1399,4
206,2099,6
2585,3375,12
728,571,14
2494,1339,14
2234,1135,9
1674,1476,8
2092,1819,2
2143,1576,5
3772,3687,11
305,1445,3
2850,3505,14
461,1294,2
310,3368,1
3052,370,8
2308,270,13
2850,3243,10
2284,1687,11
400,387,9
1591,868,5
2325,2576,10
3837,723,10
2733,3008,6
3660,3430,14
2287,1710,9
582,2344,5
407,1131,5
1190,2159,11
2860,1218,6
67,3892,12
35,3878,5
3586,328,13
1193,2626,10
2522,3959,2
587,2985,7
3458,1864,9
2372,811,7
2314,3971,10
1862,3291,8
1301,222,1
1365,1601,7
897,3887,10
1290,2074,8
3172,3940,2
948,1234,13
1378,2920,8
1720,1400,13
2877,907,1
2045,3028,2
2176,718,5
2294,3652,5
3789,3491,3
1728,1278,3
1664,605,12
3473,3587,1
487,2591,11
1143,317,10
1397,1242,2
1197,2209,4
762,436,11
1565,3031,2
1366,2770,13
2683,1437,14
2605,3285,14
1235,805,14
1976,2300,1
2594,1560,10
3986,2677,5
2358,668,13
1228,275,12
2907,1651,12
705,2986,12
3539,2181,7
2623,3768,11
566,2960,4
3275,1605,8
2480,3204,7
2723,175,2
1634,620,4
394,1473,5
3181,3198,9
1850,1648,1
438,357,8
731,3696,13
1494,1944,1
1004,15,11
1366,2658,6
2715,5,3
1329,1221,2
2766,2120,6
1052,2424,5
59,2355,6
958,381,7
2642,3924,2
3472,1425,13
3205,3802,14
1306,3228,8
994,3387,5
3340,2551,4
1298,1067,6
3887,2905,10
2181,2785,4
768,30,5
3832,2868,8
2859,882,13
3152,3102,2
3786,2442,10
2825,2550,8
2309,2479,8
1365,1779,14
1411,1941,12
746,659,2
1936,439,7
478,722,12
2535,1944,1
1864,2491,2
2158,1459,4
2036,1419,3
3311,2074,10
3309,3249,1
801,1753,1
3,1243,5
173,381,9
1539,766,14
1921,3579,2
2378,261,7
3223,386,7
872,2869,13
3,1862,3
3638,3249,1
1556,3120,12
2300,1497,11
1862,2215,6
1599,3400,4
926,1655,5
1868,3659,2
2504,3205,8
15,3305,6
1478,598,3
24,2650,9
3293,1029,7
3248,1451,2
784,3268,2
3856,2951,5
3875,253,1
3644,319,1
2418,2700,5
1016,741,13
1044,415,8
1998,772,5
2016,2303,2
3107,12,9
863,1726,1
1211,3447,6
2401,2684,2
2855,1156,1
3742,3695,14
2831,26,12
1037,850,11
3905,3605,8
2976,1682,14
3086,3604,3
296,672,10
2719,377,7
3826,3248,3
963,3936,12
2029,423,1
966,1865,5
1564,3812,7
3571,988,2
961,3558,12
1073,2054,12
1824,470,2
3016,1279,7
1208,1726,5
988,1340,1
3133,3815,10
3022,2754,4
837,2549,9
1181,642,12
199,2750,3
153,3613,2
3269,299,10
889,3176,5
2844,930,6
3602,196,1
1508,929,8
3669,1749,6
3642,52,9
3769,2810,10
1537,1614,3
1029,2780,12
3563,3271,1
2447,2406,8
2862,3127,13
642,594,3
1651,3554,5
1845,955,2
1693,1614,4
1632,528,9
2499,555,9
669,3549,11
3757,698,4
1368,3052,13
2468,405,5
451,3203,11
3650,509,2
973,3681,11
2284,1782,9
44,3255,11
3484,3371,4
1823,1085,1
3169,375,9
2714,1511,3
520,3478,9
1348,784,13
82,1566,10
370,1870,10
547,463,8
1399,1058,5
3449,3872,7
1918,287,12
1782,2860,9
826,2185,1
3531,1988,8
3602,3693,5
559,3708,4
682,3556,13
1629,3333,6
1650,604,3
2832,2767,6
1441,2322,7
34,2690,5
977,250,7
765,892,5
110,3685,6
233,3371,1
2705,57,14
208,2551,5
3801,2615,11
2059,1518,1
2847,2066,10
2001,979,4
2474,1081,4
1574,1432,3
66,3112,3
2385,2,6
3333,3859,7
3013,3034,12
1689,1080,4
810,3749,3
3606,2552,4
3847,1700,2
1931,476,8
613,3509,5
3824,3396,3
1451,1820,8
35,544,1
854,2920,8
1861,2602,13
3945,1124,11
1936,3374,14
1431,1831,4
568,532,10
3651,1345,11
384,937,7
297,457,12
3258,3899,12
3683,3912,7
2885,3634,3
3770,2527,9
2120,767,7
322,1642,12
1572,2777,8
315,1919,3
88,1771,8
2136,2550,3
656,1889,1
3095,1585,14
366,1640,3
1412,2401,2
3220,3721,6
2799,3861,14
2369,2325,9
350,1382,3
3063,744,1
3630,3798,7
1407,436,9
2619,3889,10
1670,1988,3
3498,3012,11
2153,1454,12
2439,3561,8
1154,367,12
2781,1959,3
1057,1791,3
2143,346,9
2453,1689,8
3645,224,1
456,1062,7
1994,3693,14
3382,1336,9
3359,234,7
2328,1246,10
2122,2059,10
3354,280,1
3111,832,9
3745,761,7
2374,375,7
1804,2948,12
1957,2077,5
1307,952,7
2667,110,12
1472,3960,8
2913,1405,3
1476,1126,9
2683,124,14
3045,2904,6
3376,3867,1
410,1926,14
3268,3813,4
1783,3738,13
191,1580,5
1192,3155,12
1207,96,14
289,2823,2
1727,2927,3
1651,3154,13
2529,1290,10
2152,1811,6
253,2226,7
3916,399,1
2224,30,6
3025,291,6
1498,1386,7
2698,1019,3
2348,2280,12
2336,2139,1
187,267,2
2433,190,3
3569,2531,8
3631,8,14
3898,1195,6
1900,1824,6
2266,1878,10
3254,1290,9
3908,3868,11
2134,638,9
1129,1300,7
3866,2544,11
3931,2955,4
2671,2894,8
1882,2035,8
807,97,10
2013,2454,1
2366,2601,10
1689,3358,7
2955,856,1
1282,290,9
249,929,8
306,3738,12
1283,512,6
1919,1582,4
2388,3955,9
1772,3599,3
2101,2130,11
856,2270,9
2921,3655,9
438,203,4
2160,2526,13
1024,3510,11
3309,1185,4
1106,2278,6
530,1977,10
73,1782,3
2256,3212,8
937,264,7
1112,3910,8
2546,3986,2
3602,3395,3
1020,3737,2
1761,515,13
3191,2980,13
3490,2323,6
1675,3397,14
749,1103,14
2767,244,8
135,2383,6
3570,1102,1
1965,3836,7
1972,2879,4
3688,2329,4
1488,1210,13
2999,1975,11
1096,1003,13
694,1844,2
3112,617,8
1059,487,8
607,57,13
3520,2488,10
2730,1644,8
2856,1927,14
3130,3885,6
140,3023,6
574,3752,6
1164,3681,10
31,1308,10
1575,73,11
1773,3727,1
2160,2820,7
2557,99,10
3807,97,5
1491,611,9
1032,2878,6
3924,273,7
3920,3,13
2837,2670,4
2261,2039,7
3821,1217,4
1492,2618,2
1919,268,12
927,3521,2
2023,102,4
3807,887,2
3476,1088,3
1242,3505,6
3629,2373,2
2991,342,1
1428,2948,8
603,663,8
265,3311,6
1014,1716,3
3540,569,2
2293,2969,14
3578,3288,2
2898,3710,10
2827,119,4
3815,2919,3
2326,25,10
2711,3190,9
828,3274,14
1305,2712,7
3541,2996,4
1821,3973,2
1956,2704,12
2294,3865,7
3512,1237,4
1230,2064,14
3079,2207,8
3284,422,9
1602,3630,12
973,703,13
856,3803,10
2468,2263,3
1689,3056,14
46,28,5
2512,42,10
275,1033,4
145,2631,10
1644,475,7
748,1852,6
2114,1592,9
1221,1027,8
912,2682,8
1028,2280,6
2871,1050,10
3304,1825,6
3026,1891,5
2395,1926,13
1816,815,4
3939,754,11
3337,1205,9
1668,1840,13
3086,1825,3
2214,1030,5
3950,1885,6
3186,2239,10
661,842,1
3385,1640,13
495,3369,6
3688,1258,6
2853,2351,3
770,1438,11
71,2319,7
1261,2015,9
3201,1279,13
1557,751,9
754,285,9
1672,3500,3
258,2541,2
2320,2319,5
603,3617,1
1359,1164,9
565,2480,12
104,833,14
3331,1008,10
2461,3774,8
74,1514,7
2656,3635,5
2036,3004,12
454,3766,5
3535,2869,12
3143,3019,9
258,3502,1
2684,3395,5
1974,2525,12
1279,1185,2
921,695,7
1207,3477,4
1627,2585,13
2185,3368,2
283,1859,7
75,568,1
2352,3220,7
1514,144,4
3734,3206,10
1289,1414,6
693,980,2
1906,90,7
970,1154,11
3542,1540,3
1176,3774,3
1560,1800,8
3322,3915,13
748,1661,1
3594,3495,11
762,1929,9
643,2389,4
134,447,5
1237,1191,2
888,2756,6
3196,901,5
2610,1259,5
1291,2650,11
839,1863,11
1328,2992,2
2659,3811,5
3547,3227,2
2148,2,12
2926,3534,2
2529,1661,11
280,876,4
3233,2550,12
1248,1092,11
2163,2947,6
2830,3780,3
1325,394,1
2002,210,4
3120,2981,14
1140,1742,9
287,738,4
337,3231,4
75,2852,13
2218,1793,6
1972,3161,5
1460,2087,9
799,691,12
74,3371,8
2492,1284,3
1379,172,12
2646,3301,8
3674,2138,7
2255,3240,1
3406,2097,4
1494,3102,5
797,46,10
3647,1990,10
2200,27,5
3622,3717,1
3908,2891,9
1657,471,7
1401,3052,6
2521,3757,2
3729,3044,14
370,1316,1
2111,2855,10
1874,1182,8
3989,1981,12
1221,2276,11
2108,834,10
3745,951,8
862,2557,11
2045,1570,13
1754,3437,6
715,306,12
3123,316,9
735,3036,6
3444,2916,5
3928,1624,2
2457,1470,9
1730,3267,14
493,959,2
3491,3281,1
1255,1185,10
3719,2053,1
3399,3842,7
1617,2411,8
788,1455,9
3082,3338,5
2588,590,1
888,1358,13
328,2104,8
922,1816,6
2447,3285,5
792,3669,13
1145,3178,2
2076,1460,8
3590,2929,7
1068,1069,8
4193,2611,11
1044,2909,11
2241,1923,9
4814,3391,2
2045,2287,8
3443,2246,7
1973,1661,14
4707,2062,14
1177,3769,1
3087,648,6
3925,235,10
4148,1516,7
4740,1232,2
3281,359,5
1803,325,12
1577,534,5
4900,3302,2
4564,2117,3
4458,1664,11
4928,3795,2
1062,1762,3
2767,1286,5
2817,1320,3
3925,639,7
3897,3612,4
3276,3714,14
3135,1292,6
3194,984,9
3591,2940,1
4749,2463,10
4057,3042,13
2584,1577,10
1261,3125,2
2376,3292,1
2316,1623,7
3703,2835,5
4916,447,13
3838,672,2
1630,3021,2
2699,1143,10
2556,159,7
1229,818,14
4206,2840,3
4842,570,5
3387,400,14
1240,2067,9
2594,3891,5
3309,1265,2
4017,845,3
2368,388,2
3706,3529,6
1115,923,1
1316,3235,10
1629,2019,10
2609,1375,14
1890,198,10
4887,27,5
2360,2381,14
1408,1913,11
1222,3431,8
4706,3658,1
3970,2017,13
3050,1366,6
3040,1606,10
3710,1922,14
3860,2168,10
2728,1156,10
3474,3846,12
3477,3593,2
2543,742,2
3339,3476,8
2461,1877,9
2408,568,8
2944,1398,11
2453,818,2
3607,212,10
1388,2778,7
2701,2252,3
1925,3972,9
4533,1388,1
4367,3188,4
2369,1308,3
3659,3203,3
2285,3152,11
1889,530,11
2722,3336,13
4729,1132,14
1057,1826,8
4150,878,14
3056,537,1
2921,1279,4
3669,955,14
1260,668,2
1826,2247,8
2752,2366,2
3492,451,13
3361,2137,5
1645,1870,2
2265,1347,9
4745,2953,12
2303,3321,3
1767,3149,13
3005,1332,6
2605,355,12
3981,2116,9
4381,194,7
2300,613,9
3316,595,13
3494,3962,7
1738,2810,7
2716,3350,6
2778,654,6
3173,2328,12
4071,3796,10
1961,218,11
4678,610,9
1365,271,13
2788,1613,14
1181,1887,1
3953,2282,4
3991,2546,10
1241,3321,2
1180,2059,2
3844,3581,8
4175,3932,10
1076,752,4
3782,2002,2
4880,2709,11
4932,910,13
3171,3946,3
3207,1069,12
4255,2808,10
4814,634,9
4674,365,12
2843,1890,4
2235,1187,2
1397,2360,13
2536,2775,7
4177,1495,1
2726,3538,9
1862,2038,1
3770,3801,2
3594,1315,9
3335,3707,4
2476,3970,6
4420,136,12
3659,30,4
4361,2344,10
1543,1807,2
2035,2229,14
4565,2438,8
4131,1591,3
2212,2360,2
4984,3939,7
3778,2346,14
3121,1043,11
4898,2525,1
2040,261,13
2607,1521,1
4651,2639,5
1927,2474,6
4939,3853,7
1506,2272,4
1241,416,10
3530,1867,14
4322,713,8
3580,300,3
4317,924,3
4203,2178,2
1613,1434,8
3073,2401,6
2792,1054,13
2710,772,9
2037,2576,8
4251,2523,3
4154,231,4
4624,1549,4
4322,1666,14
1648,92,1
3686,1545,11
2498,350,2
4913,3276,1
2986,2005,7
1927,3328,4
3054,3173,9
3485,1961,1
2036,2625,10
3928,1887,1
3537,2987,4
3397,1097,12
2512,1736,9
3923,2560,6
1534,3101,2
1909,1313,5
2961,2460,5
4866,2212,4
3378,3297,14
1880,3616,12
1954,3411,12
4050,3176,7
4763,1232,2
4528,813,14
4859,2780,3
1865,3815,8
4638,957,8
3768,3541,7
1427,3531,10
4270,3364,11
4228,875,9
1546,1348,12
2654,2090,6
1385,2823,2
2438,1370,10
1449,38,2
2781,3168,13
4301,624,4
4036,1648,1
2353,3876,1
2566,2423,12
3080,1759,14
2505,3251,13
3381,3776,7
2500,3640,2
4627,1203,12
4803,74,12
3372,1777,8
1101,393,5
2544,1848,6
3302,3802,2
3773,2005,7
4380,3024,6
1374,3231,2
1707,2229,12
4451,3058,14
3327,1286,5
1189,625,11
2744,2773,12
4666,3004,3
3877,2451,7
3892,3306,9
2390,1086,12
4194,3619,11
4729,940,2
1711,1792,2
3319,577,2
3584,411,9
3353,2129,2
3650,689,5
3373,3557,9
3054,2475,8
3407,3838,1
3101,719,10
2395,2127,4
4715,2982,12
3910,3698,1
4909,2486,2
3610,2497,9
3413,1117,7
2974,2201,3
2674,2475,7
3469,3546,14
4491,1173,10
3605,881,1
4340,1342,2
4816,2098,9
1951,1069,10
3019,153,5
2588,283,4
4629,2940,8
3172,1525,1
1699,549,1
1660,3073,3
1172,1024,1
1437,3191,4
4759,381,5
3979,2259,5
3046,1450,3
4110,359,1
3707,2407,11
3784,1524,7
1465,1941,14
1225,1233,7
3457,623,8
3209,2274,14
1790,1571,3
3802,1370,11
3640,1775,7
1116,3509,11
1173,1628,3
3385,786,12
4434,3045,1
3637,406,5
2873,3843,4
4412,2735,11
2348,2706,1
2362,3853,1
4430,2572,11
1812,2518,14
1807,3932,6
2510,1502,9
2130,2166,5
1874,1723,12
3515,3328,8
1076,2592,5
1141,1551,6
3817,1214,10
3317,2724,3
1249,944,6
3093,3849,6
1386,3360,12
2762,2781,8
1815,2144,3
2105,1994,6
3252,3591,9
4585,645,13
3127,3393,12
3889,2522,14
1588,1603,1
2010,1501,7
3629,149,5
2178,3932,10
1097,1491,3
3658,3097,5
2429,1925,14
2392,1722,7
2945,13,10
1528,48,12
2864,1828,9
2298,1347,8
2936,1490,11
2191,1497,14
2247,1260,10
4487,1808,9
4017,62,6
3556,354,3
1643,3972,7
1139,3469,10
1971,1418,12
4298,2634,1
1577,2799,8
3300,2201,12
1903,2811,12
4959,205,8
4532,1063,13
4708,1846,13
1460,3442,1
4924,188,8
3013,942,5
2874,1424,6
3709,3373,13
4545,1667,7
4398,1399,7
4893,3348,3
2015,2036,5
3878,250,10
3944,3872,4
3484,3087,2
3505,440,12
3332,816,1
1062,3813,9
4331,3140,5
4056,2621,13
3716,1685,2
4389,1291,11
2244,1380,2
4237,3598,13
4945,2777,6
4135,143,13
3792,2822,13
4389,379,2
1175,3655,13
1486,2527,5
2809,1567,4
3284,3779,8
3871,888,10
2946,888,2
4635,1211,11
4539,2880,12
3325,846,13
2815,2500,3
3801,1044,1
1515,1225,10
1804,2337,7
2715,1365,14
2910,2389,1
1916,1419,11
2457,2903,7
1472,3490,8
4725,1431,7
1122,1051,14
3122,962,5
2146,1796,14
2617,1010,14
4137,1179,4
4086,3686,1
2660,1300,10
2577,1332,8
2094,2953,1
4682,908,7
4293,1343,10
3256,3313,5
4796,3999,5
1431,3427,6
1964,198,5
3456,3668,2
4526,3812,9
2713,651,4
1526,1187,14
1055,1239,14
1359,3763,6
2224,3651,12
2165,3065,8
4460,814,8
4899,2342,11
1449,2971,4
3901,3116,8
4574,1432,9
3519,2863,14
2858,3082,12
1338,1379,2
2054,2630,7
2743,3021,11
4263,2752,10
2181,3171,12
1960,1182,5
3124,2951,9
2113,1817,8
2799,1932,4
4007,2833,14
2775,2834,5
3444,260,1
2757,3652,9
2515,1361,13
1323,3691,3
2015,3290,8
4862,1400,3
1983,2045,10
1655,905,10
1322,2070,14
1303,688,12
2037,3946,12
4616,3538,14
1050,2945,8
3688,1410,9
4344,341,10
3953,3718,3
2131,2954,1
3385,2123,13
1784,2531,4
3144,2990,6
2667,1962,10
4871,2456,4
2828,1730,8
2150,3832,6
1038,3656,3
2626,3120,7
4406,1752,6
4518,3363,1
4665,2123,12
3845,610,2
2288,3637,6
1676,3823,1
3574,798,8
1943,634,6
2154,587,9
3091,2697,11
3454,401,4
3356,3502,10
3810,356,13
1112,2649,4
3203,681,5
1688,3580,13
3271,96,14
1521,3958,4
1597,2368,12
1758,868,12
2094,615,5
3616,3689,11
4477,2186,10
4932,2160,7
3286,2716,1
1741,2828,12
4291,2108,12
1085,1120,10
1715,3275,3
3122,2445,2
1339,3038,11
4590,3070,12
4500,1813,13
2064,3754,1
1787,3767,9
3761,671,4
1928,3430,4
3320,1074,4
1204,974,1
4559,2758,6
1329,989,14
2772,2218,9
1629,3421,9
4795,2308,14
1207,1100,12
4769,3136,2
4627,3667,1
4568,772,9
4209,3213,6
1727,3277,5
1299,2613,14
4162,794,14
1018,1841,8
2449,562,5
1737,2069,2
1199,3296,1
4208,874,6
1877,1265,11
2178,3731,11
2980,1388,1
4218,3517,3
2280,597,6
4681,842,14
4369,1358,4
1966,1018,3
4310,3968,11
4613,2660,2
1248,998,8
3727,2811,12
1580,1628,4
4060,2874,12
4674,1561,8
2405,1347,13
4150,526,4
3899,1568,14
3757,3917,4
2161,2715,10
4610,1434,3
1766,1427,11
3940,662,9
1810,2102,6
1300,966,8
1670,2131,7
4455,2165,9
2400,3882,1
3756,947,13
3294,3297,2
4767,3950,7
4813,3594,7
4807,2296,1
4670,710,1
3863,3170,4
3159,1914,11
2759,3996,13
2383,2240,3
1180,2905,7
4601,3085,6
4469,2636,11
2307,2073,8
2724,2673,12
3113,972,8
1612,1407,2
2534,1339,14
3678,3303,5
3136,2061,6
2667,1327,2
1642,1157,3
3703,2432,9
4370,1162,5
3690,264,6
1596,1952,13
4200,2922,7
4875,1410,7
1052,679,4
2945,199,11
4934,874,7
1236,188,11
3346,3231,2
2966,880,12
4564,1625,8
3826,1946,12
3769,1295,3
4945,364,14
2370,2975,13
3907,650,5
1105,2805,10
3499,2631,7
2530,290,13
1327,3774,9
2545,780,14
2868,3984,3
1430,636,11
4124,321,11
3941,514,12
2038,1076,10
3854,2211,13
2529,2789,11
4913,2350,10
2378,562,2
1348,2959,6
3303,618,6
4054,371,14
2550,785,6
4413,3639,6
4893,1957,6
1349,922,13
1147,3901,7
4007,2683,3
4305,3616,3
1458,2705,7
1987,1381,3
1299,3789,10
2072,1287,7
1896,2082,13
2079,954,14
1102,2998,5
1650,1204,11
1763,2160,9
1567,3161,6
4366,3984,9
4518,1708,7
3623,2185,13
2408,5,9
2075,3932,6
3660,589,4
4404,3913,8
1382,3586,8
4145,3645,11
4136,3074,5
1568,1920,14
2357,627,12
3732,787,2
4928,2267,4
3736,989,4
4852,3923,11
3830,519,8
3702,1443,14
3299,1734,14
3973,593,13
3211,1955,4
1799,3066,12
3476,1189,12
4483,2532,12
4469,1173,12
1855,1417,1
3771,3309,5
2842,813,10
3463,3432,10
3185,1192,8
3137,1644,8
3695,526,4
2508,1637,5
2293,2051,5
4250,1665,11
1051,1585,4
3576,2731,9
4899,1650,2
3893,854,9
4311,1575,4
4478,2238,4
4033,3372,1
3157,2378,10
4402,1501,1
4808,1777,4
1861,1953,7
2857,1948,4
3021,3345,6
2684,1913,14
4893,1872,9
2772,460,9
4138,217,8
3163,1432,8
3217,3540,5
1431,440,4
3115,2671,13
4235,1951,10
1057,2519,1
2983,468,8
2046,3348,6
4089,3368,5
3661,696,9
2913,2862,5
1320,2420,6
3052,3882,4
2190,643,7
2942,154,2
4436,268,1
1423,3748,6
3092,2827,5
3942,2115,5
2075,671,3
4839,2295,11
3080,2952,10
2944,3921,7
2571,195,5
4698,1744,6
2531,2834,11
1653,3972,8
3488,2002,6
3895,1543,6
4103,1106,8
1420,3920,10
2928,1689,10
2706,2150,5
1877,471,9
1217,2279,3
4760,1942,12
3554,3325,9
2385,1638,9
2252,1995,4
2171,3650,13
4665,3506,11
4152,1198,11
3971,292,6
1047,2241,7
2267,590,13
2242,3194,7
3375,1830,4
2601,1037,8
3377,257,3
3715,406,10
2698,2352,6
3914,3847,13
4506,2745,10
3516,2326,4
4066,479,2
2891,792,14
3340,869,2
1360,2643,9
4738,2043,10
4803,601,2
4485,1944,13
3285,3004,12
2338,3434,14
4329,2950,3
3082,1568,10
4697,2802,9
4495,1275,3
4337,1044,1
4814,3694,2
3091,2438,14
2231,3249,6
3752,3521,14
1960,997,7
4296,3072,12
1118,3721,5
1922,1110,12
3538,1132,9
2103,895,2
1171,1050,4
3846,3500,6
3246,3972,10
3836,3696,7
3016,3206,11
3947,2826,7
1417,64,9
4368,1639,13
1722,3208,2
2553,236,7
3257,167,8
2376,130,2
2342,1911,10
1575,286,3
3683,1863,2
2912,1414,13
1758,441,7
4548,1542,10
4047,1918,9
3640,3119,1
1716,667,14
1397,3464,10
3364,54,2
2981,2572,5
2330,526,7
1462,3799,14
1406,483,2
1191,1041,3
3012,2939,4
3893,3330,5
4031,1641,14
2989,1489,7
4014,1923,11
2997,1676,7
1727,937,1
2439,3820,2
4179,2733,8
4343,3966,7
1817,2654,6
2208,3240,7
1305,2866,1
1969,3990,2
3556,2805,4
1561,643,7
2316,2037,4
1700,2872,3
3171,1138,6
4371,1595,10
2225,3364,8
2105,1029,4
2749,798,13
2957,520,8
3574,1824,11
1705,2980,13
4123,3905,2
1139,2931,1
2614,3815,2
4404,2174,6
3711,161,2
2533,1427,1
1595,2839,8
3283,39,6
4679,1639,5
3262,3461,5
3351,1670,9
3560,707,10
1579,1308,10
2510,911,14
2672,2607,1
4546,3752,1
2744,2170,13
4818,1691,2
3142,2825,14
2634,1853,13
3180,2099,6
4765,766,6
1933,952,1
3518,2351,1
1808,3162,9
2333,987,12
2965,111,13
1885,3100,9
4793,1102,7
4130,2107,5
4273,3852,4
2485,2269,3
1789,948,5
4634,1963,2
4335,2415,12
3003,2312,10
1931,2017,14
3233,1033,4
1172,2717,4
3167,1142,12
1802,2723,4
4599,3054,7
1765,3403,4
1092,2547,3
2451,2065,13
4313,1770,3
4163,3999,7
3266,942,1
3330,510,14
3323,639,12
3590,2654,10
3627,1847,4
2060,314,12
2735,1238,13
3019,2953,2
3942,338,11
3251,903,12
3328,2863,3
4013,2846,10
4311,2779,11
4326,3409,14
2558,2225,1
1493,3437,13
1751,2583,10
2051,3164,8
4781,1220,9
2206,20,1
2605,3483,1
2392,768,12
2700,3554,7
1268,517,3
3662,3735,5
3396,3163,14
1549,1183,11
4666,1055,8
3807,2481,7
2798,942,14
2904,598,5
1544,32,10
1413,960,7
4692,623,11
2952,3462,2
3685,1413,1
2842,3571,1
4614,1044,2
4112,1952,12
2977,2377,14
1170,205,8
3983,3932,5
3657,362,14
1212,129,6
2373,2665,4
2693,1199,13
4677,3874,14
3210,1941,13
1314,3322,9
1433,1361,1
3782,3324,10
3446,855,1
1532,3901,9
4795,1796,14
4934,1584,14
3394,2026,12
1125,2409,7
4596,3117,10
3824,1068,4
3164,2032,1
2014,3859,8
1242,33,4
2612,1155,1
4496,2535,2
3439,75,10
4097,810,4
4104,2103,3
2653,250,4
4273,3448,3
3949,2470,7
1896,3884,12
2945,3417,1
1549,3161,4
4625,1153,9
1905,941,10
4068,3704,1
2543,3207,8
3926,36,1
1883,663,3
4968,2117,9
3794,3899,10
1234,746,5
3358,2652,2
1350,1233,12
3480,3739,8
2691,770,5
4087,68,13
3592,1825,9
4690,1013,14
4120,3057,8
4275,1356,11
2370,1594,8
4767,1679,11
3905,1606,6
4238,3975,7
2625,2754,13
4327,3109,9
3426,3898,6
1653,2643,12
2407,472,3
4452,1659,3
3323,3812,14
4225,1122,8
4516,817,11
1831,3199,6
1365,2294,12
2471,1593,3
1846,512,3
2723,3539,6
4649,39,14
4313,1893,9
4628,2660,3
2686,2036,3
4784,3780,8
3986,7,9
2857,3757,6
2644,2433,7
2539,3215,9
3913,3313,2
4834,3217,12
3732,992,2
4060,605,12
2803,909,10
3144,412,3
2840,1671,8
3595,1794,6
1858,2009,13
3240,3177,3
2057,921,11
4597,866,6
4754,1810,10
1222,3279,12
4547,2778,8
3142,1846,12
2434,700,11
4538,1550,9
2132,1661,14
2961,3636,11
4042,2667,12
2030,947,13
4344,3093,5
3792,3917,4
3229,3971,12
3673,439,13
4980,252,10
4814,1179,13
3969,3899,14
4416,2858,8
3728,1371,13
4222,741,1
2681,3566,8
3965,3479,6
1028,3726,12
4514,1995,7
3522,1575,6
4624,3386,8
2570,1403,3
4112,800,6
2815,501,11
1760,339,7
1344,910,14
2883,1235,4
3975,1420,1
4305,111,7
4289,3173,4
2049,1962,7
2726,2485,7
2467,699,12
4305,808,13
4441,2490,3
4581,3551,1
4505,1641,10
2393,1815,13
1480,1885,5
2581,1799,4
1539,540,9
3349,889,10
4791,2514,3
2106,3753,12
3273,2026,4
2927,3689,10
1613,763,9
3636,2588,2
2818,416,2
1547,3935,8
1075,560,11
1243,2785,3
3299,628,14
4464,3607,6
4862,3817,2
3749,2484,4
4980,3686,1
4467,1164,14
4674,2306,1
3044,3790,3
2302,1628,14
2352,1496,10
1665,1409,2
3190,2213,7
2793,699,14
1142,3327,12
2806,3922,1
4913,3800,11
1392,636,10
1254,2209,4
2066,3491,9
1720,2224,1
2075,2862,11
1553,1119,2
1016,1488,14
1783,1252,3
2108,1600,8
1649,3794,7
3786,521,10
3570,2188,8
4205,779,9
4500,246,8
4309,1077,10
1928,651,11
2102,1963,11
1209,2799,2
1212,3118,3
2934,2678,9
4791,2793,9
3996,1717,12
4723,2557,5
4504,3305,8
3423,2835,9
3174,1602,11
1823,2268,10
4515,3283,10
3166,422,8
2852,2763,4
4868,484,8
3899,107,1
3759,2564,9
4508,1975,14
3543,3271,11
3483,2018,14
2098,3314,12
3856,1023,13
4283,836,2
4952,3030,1
2609,2214,9
1908,2333,13
3715,3862,10
4175,1323,6
2003,1310,3
2354,3939,6
4121,2080,11
2720,1236,1
2275,1020,11
4576,322,9
2178,895,3
4439,2060,5
1460,1612,7
2764,1913,13
2364,1591,8
3500,3851,10
4610,3897,11
4088,3185,8
1732,3605,8
4792,2194,13
2266,2923,4
4631,2078,12
1093,30,10
1595,581,9
4344,2841,1
2992,2738,7
3507,3140,6
2590,2846,1
1234,2075,6
2400,1330,14
3529,1973,10
1186,3548,3
4456,3993,10
2726,1419,10
1321,2892,14
1657,3823,3
2359,1720,12
1755,3624,9
4244,1095,3
1131,729,12
4309,2736,3
2432,1054,13
2770,314,10
2918,496,4
4363,3830,4
4586,802,4
2837,739,2
2307,3331,11
2552,2168,12
3476,1655,1
4479,3161,10
4225,3109,6
4189,2450,14
1100,921,10
4868,221,1
2318,1121,7
1404,1423,5
2936,1480,10
4476,2597,9
4706,2246,4
2007,655,12
1739,2624,9
1964,1384,2
4999,1529,10
1451,3525,9
3006,3373,11
2837,1110,13
2371,3960,5
2910,1204,13
1490,562,10
4043,1856,7
3820,2811,10
1571,2322,5
1133,3665,11
3091,449,8
3432,3847,9
2822,2779,4
4813,3548,10
3851,2855,11
2278,1906,13
4017,113,4
2772,642,6
1519,873,6
1548,3917,7
2819,3315,6
1864,2735,8
1888,3353,8
1320,2811,10
1146,1866,14
1807,1550,11
1690,1022,6
3193,1014,7
3460,1187,13
2756,1563,7
4059,2834,11
1483,2691,2
4635,1128,4
3844,2346,14
4782,1052,7
1347,2990,12
4400,3182,4
3154,2666,7
1425,1051,10
2196,2303,6
3558,1122,14
1836,1634,1
4049,2671,1
2749,3562,9
2627,1124,10
1371,3609,9
3031,270,7
4848,3242,14
1752,3459,8
1880,1661,10
1677,769,11
1025,502,8
1143,811,1
4652,2485,6
1552,2129,12
4862,1476,7
2813,1163,14
2568,4,2
4265,410,10
3684,2925,13
4029,3706,3
3567,3452,4
2295,1889,7
1381,3708,1
4096,453,4
3151,214,3
4629,3325,7
3421,2100,11
4393,238,4
3186,2642,5
4384,1273,5
3435,439,9
3538,43,14
2677,84,7
4632,168,9
3707,1681,2
3263,2663,7
2712,871,5
3662,2841,7
2376,3081,5
1068,1572,2
4882,341,11
2240,1895,12
1170,1267,11
2038,2805,14
2545,45,2
4316,1220,11
3423,1663,12
4745,672,8
2490,715,11
3214,2359,6
3290,2351,8
3582,3701,7
1405,3426,8
1387,422,5
3127,676,5
1187,2516,12
4053,411,7
1836,1289,3
1265,2033,8
3136,1335,9
3879,3466,11
1896,1904,13
3124,2480,2
2408,1562,14
3248,18,2
4810,1841,1
4662,3820,7
1593,121,6
2767,1674,3
3382,1641,4
4203,1599,6
3215,1511,13
3036,1737,6
1364,723,7
3804,3747,7
3437,3842,14
2510,2760,14
2496,408,3
3871,3480,12
3387,3500,10
4079,3122,3
1592,2415,10
2398,3525,8
4742,3913,9
2139,2106,9
4086,1058,5
3696,1907,5
4514,2363,9
4924,2615,4
2829,1575,4
3935,640,3
1143,1861,1
4768,2784,2
3059,2625,13
3254,1157,13
2614,3112,8
2838,2933,13
1877,736,10
1427,679,13
2877,2411,6
3024,2623,14
1383,722,10
4580,3020,8
3121,3578,1
3578,608,13
2796,3980,9
4307,3608,5
2226,836,1
1320,285,14
1309,2713,12
2667,3263,7
2528,100,1
3552,265,13
4811,1300,4
1127,902,12
2097,3043,3
3133,507,14
4132,2529,6
1136,3008,2
3244,531,9
3340,907,2
2726,2408,7
3555,2241,4
2131,3287,6
1857,3637,2
2251,3239,9
3855,2777,12
1813,549,2
1994,1224,11
2764,3408,10
3268,3731,11
1819,1660,12
1489,558,3
3991,718,13
3559,2100,7
3266,3516,6
2000,220,14
1822,3894,1
4123,2359,4
4564,1007,10
4868,1173,3
1124,1087,10
1492,465,2
1810,29,9
2862,1586,12
2592,1041,9
1498,3073,14
3952,3370,5
2290,557,14
4471,2373,11
2610,1939,14
1886,3293,3
4082,1153,2
3647,1338,5
4820,519,7
3709,2570,3
1619,699,1
4123,2093,3
1122,3986,14
3674,3561,6
1099,248,5
4083,2822,12
2573,2145,6
2800,2649,5
4727,2124,9
2609,1117,3
2309,3880,2
4523,1032,1
3533,1769,8
4542,2981,10
4711,1403,2
4814,3541,4
4568,1207,14
2927,1263,3
1249,3139,3
1088,3093,1
3823,590,9
3732,1348,12
3558,2396,13
4107,2132,11
2742,3971,1
3115,459,11
4938,2300,3
1755,2161,4
2221,766,6
2435,3502,4
4006,3574,7
1799,2868,2
2109,3259,1
4574,1434,11
3149,2889,11
3995,1156,8
3973,707,2
1078,580,4
1486,668,13
2050,2805,2
1399,3056,6
4887,2812,12
2863,3577,12
3918,277,14
1425,2397,10
1033,3791,7
1894,221,2
2195,2009,6
3239,3794,7
4677,77,10
4864,1463,1
1841,3289,14
3618,888,3
3421,3327,7
4338,3522,2
2881,938,14
3738,2902,10
3535,285,1
3763,3337,9
3207,1402,14
2383,2920,4
2073,2071,4
3090,3129,9
4700,1847,10
1791,2374,8
3986,1225,9
2143,1525,14
2354,1813,7
3112,903,12
1930,3098,5
3985,2589,9
3518,1510,9
3877,3557,9
2303,2339,5
3125,526,12
4438,2960,4
3264,1811,10
2724,3721,11
3363,2974,9
3736,696,5
4881,2679,10
4266,1212,4
3291,796,11
4848,733,9
4519,2510,8
2797,298,14
2117,2483,10
3380,2227,8
4824,2657,1
3487,2282,14
3441,2994,11
4752,2490,12
2315,347,11
3956,3357,1
1730,3623,6
3237,13,2
1407,2375,12
4289,877,8
2590,3458,12
1531,3787,4
4174,853,6
1703,2884,4
1355,3679,2
4758,350,11
4390,1586,1
4487,3604,10
2489,1173,13
4451,84,7
1326,2517,9
1210,3475,11
3066,3166,3
2914,3673,2
2741,2827,9
3139,1823,11
4818,1114,4
2423,2021,1
4027,1097,9
4906,853,9
3606,2506,12
3246,3590,1
1074,3387,2
4962,1437,4
3663,2047,2
2343,3819,6
3730,1270,9
3776,1233,5
4567,3859,5
4685,3830,10
2070,2051,9
3724,2558,4
1973,3136,11
2680,207,5
3586,3861,3
1813,1712,10
4995,2510,7
2838,3737,7
1651,86,4
3048,3479,9
3422,2410,2
1308,3428,3
1451,1583,11
1109,1876,11
2714,3671,1
3195,931,8
1131,975,11
2883,925,13
3579,336,13
1480,3060,3
2488,3018,10
2720,210,4
4110,754,9
4477,483,10
4215,3267,13
1154,2775,4
3948,2321,14
1446,2077,11
2874,2824,8
1048,112,4
3476,2322,9
3064,1271,14
2608,2729,13
4046,258,14
3759,860,10
2030,3393,1
4884,3427,14
1803,1765,12
4485,1582,10
1013,3150,9
2412,1744,14
1578,2394,4
2542,1325,10
1028,1241,12
1791,726,1
3636,2936,9
1016,3412,9
2443,1346,1
2272,888,4
1371,1046,8
3522,555,2
4323,3827,3
4807,1212,7
1383,2396,13
2067,1389,10
4061,754,9
3847,1699,9
1027,3364,14
3095,1019,13
2699,3019,8
3329,2477,11
1359,1212,10
4241,512,2
1923,2049,13
4673,1381,11
2291,3103,12
1403,3826,5
2748,1310,8
4472,1178,7
1421,2454,4
2661,991,5
3614,2060,9
1824,3219,1
3146,2542,9
4170,428,4
1085,2694,2
2450,879,5
2309,3988,8
1113,614,10
1442,2164,11
1864,3807,5
1170,2161,3
1984,2993,10
1143,3860,6
2937,1750,10
1916,972,12
2725,3081,14
4460,2457,10
1868,529,11
2681,3060,8
2187,3559,6
1026,1147,2
2796,317,1
2786,1873,9
3954,2667,12
1591,1164,3
4252,3466,12
3115,2132,4
4632,796,13
4329,3642,12
1636,1031,14
2493,766,9
4067,3070,11
4124,2777,5
3298,897,2
4651,3043,1
2810,1174,1
3831,2933,4
1774,18,10
1444,2313,6
4665,400,5
1596,1436,1
1618,3975,9
4906,80,9
3170,2805,7
1322,2655,14
2007,795,6
2263,1755,6
1981,1831,2
1065,1353,6
3578,1223,4
4173,2714,8
4904,647,6
4340,3954,5
1445,2172,11
2266,727,12
4553,2846,14
2144,433,8
1540,462,11
1250,891,10
3777,412,9
2094,3448,11
3284,3755,8
1053,2705,14
1149,90,1
4884,3076,6
3165,594,8
1831,1882,4
4612,1500,5
3729,2098,11
4611,2700,7
3328,648,5
3233,1065,6
2584,3899,2
2417,2693,2
2463,3085,13
4768,1526,4
4781,289,6
1243,147,1
1004,3443,7
4916,2170,5
4785,1050,9
4569,1738,7
4019,2839,1
1634,1188,13
1531,2935,10
3986,68,7
2109,3612,9
1136,3886,14
4056,2286,12
1030,157,10
1724,1678,6
4363,1640,7
4981,739,8
3993,1577,9
2960,1378,6
3475,74,1
1151,732,9
4860,450,7
3448,242,4
3019,2202,5
1276,1521,8
2141,414,2
4636,2108,3
4465,252,1
4389,3031,2
4352,2241,14
3421,692,13
3445,1720,7
3879,1396,6
1968,83,11
1083,477,14
3354,519,3
3891,2954,11
2039,992,9
1285,917,10
1728,3811,1
4917,611,2
4417,847,9
1105,2134,12
2241,18,3
3162,1344,1
2886,3250,5
1016,3684,10
1041,2860,6
3814,843,11
2833,929,6
4259,855,13
1399,1214,10
1567,1140,12
4595,2611,1
3604,2416,3
3908,2128,5
4224,431,11
4007,1475,5
1643,1852,10
2677,3524,4
2973,3999,5
2562,136,5
4627,3624,4
1348,1918,10
1976,2786,9
3071,3655,11
2837,1315,6
4897,2552,8
1111,277,8
3207,3129,6
2899,97,9
4543,2302,5
3872,1295,2
4485,2126,11
4118,3570,2
4188,578,13
2419,471,11
2057,2811,8
3274,2925,5
1616,1041,8
3129,3428,13
2461,622,10
3457,2685,8
3622,1442,12
1199,2608,5
1885,3018,7
2863,3337,4
2186,1785,7
3071,339,14
2768,2573,12
4962,169,9
4394,2408,8
1676,356,11
4916,2886,14
4133,100,11
3104,2900,1
2841,3041,5
4489,1811,3
3583,865,7
4728,599,9
3155,3189,12
4798,358,5
2016,620,14
4136,1033,6
2330,1650,5
1474,60,13
3083,2997,6
3883,1285,2
1845,466,5
1649,393,8
2128,3006,14
4181,3964,11
2917,949,8
1806,942,12
1206,3143,9
1319,407,6
1578,34,4
2230,1977,4
4796,2034,11
3820,556,13
2060,3884,4
2481,3146,8
3112,3429,3
2121,1196,10
2230,3374,1
4185,3273,11
4205,106,11
1778,1786,7
1385,3513,13
2890,1192,2
4981,3481,7
2131,2189,1
2096,861,14
4877,986,1
2880,1460,4
2745,3514,1
4951,3292,14
4132,2939,4
2900,832,10
3226,454,2
1701,2705,10
1363,723,1
3101,860,6
3650,1413,7
3511,3981,2
1545,2097,14
2477,873,8
3141,3774,10
3573,1349,9
3709,3960,5
1419,1917,14
1572,1229,14
1451,2541,2
3082,2794,10
1762,388,5
1631,1193,1
2728,1976,12
3971,1005,11
3587,3215,4
4297,2878,13
4456,234,6
4286,2826,9
4606,2194,4
4539,1576,6
2598,2502,6
4504,1437,5
2702,2723,1
2977,278,2
4883,516,14
3648,2733,6
1359,3965,6
1536,2977,10
2336,571,8
1431,824,1
2751,3802,8
2434,2755,5
4638,2967,10
2716,707,8
1142,958,13
3503,990,5
1739,2641,7
1196,3645,11
4979,1379,4
1980,3374,13
2777,3017,8
2338,1821,9
2233,2128,12
3876,3028,9
1337,3180,12
4935,269,3
1514,3128,12
3824,393,10
3796,1081,9
3796,931,2
1583,3522,5
1035,3151,2
3577,2768,3
4294,2404,12
2648,1973,3
3985,3646,3
4712,1972,14
1949,3534,10
4951,3754,9
2885,1941,10
2967,3828,4
1563,2820,4
2121,3926,8
1216,3963,1
1340,1625,14
4043,2369,12
3857,2455,4
3428,3507,2
2385,2817,7
4032,3618,7
1243,281,10
1264,320,3
3722,2570,10
4203,1505,5
2537,2019,11
1077,3683,2
2808,38,12
3684,3489,2
2234,573,10
2204,1610,8
2677,895,8
4253,2366,14
2513,201,4
3783,1668,4
3007,3286,5
3568,2746,8
2068,2342,2
2458,1291,4
1082,2857,14
1552,1942,1
4196,2121,13
1567,1235,2
1744,2552,13
1604,597,7
3203,1570,3
1952,1142,4
3479,1493,14
1069,641,3
1162,2465,9
2212,465,9
4077,3305,5
2459,3738,6
1404,3493,1
1361,2086,3
3922,804,13
1175,1700,12
4994,3556,9
2726,1035,7
4218,1632,7
3827,3942,2
2130,3147,8
1732,1276,12
1181,3018,4
1240,949,12
3511,3533,13
1339,1126,5
4940,667,4
2865,1486,9
2984,2598,2
1357,469,9
2473,836,8
2647,1733,10
4159,3678,8
3661,2010,3
3369,2039,10
4210,859,8
3302,3709,1
2821,1290,3
4819,3276,10
3832,1174,12
4031,3063,11
3207,3686,12
4545,1758,9
1666,3219,13
2573,723,11
1973,1557,8
4838,184,5
2242,1127,6
2561,3404,4
3182,3321,9
1028,797,7
3547,3699,9
2609,223,4
2690,2748,8
3661,69,6
2287,1106,1
2344,1009,14
2436,3976,11
1709,3232,9
4011,56,10
4206,1753,7
3088,416,4
1944,3741,8
1201,3270,13
2259,2307,3
4112,2004,12
2780,667,1
3373,2207,6
2269,3664,4
4677,2848,12
1635,868,12
1121,1209,7
1017,1878,1
1760,3249,10
4952,2968,13
2855,1316,11
1288,1919,13
1684,1600,12
4172,1550,13
2269,81,4
3397,3259,4
1077,1948,13
4331,3776,2
2036,2136,13
4610,651,11
4330,1049,10
1021,3173,7
1991,3627,13
1059,1732,11
4744,303,1
1989,806,6
3816,736,7
4350,1598,12
1471,3341,8
3809,1500,1
2768,3380,12
3123,2725,13
3285,2210,7
2631,2965,4
2899,3554,1
1602,850,3
2406,351,4
1239,275,7
2893,2365,3
2372,1201,6
4784,2680,8
3344,2876,4
1433,2901,12
2112,1140,8
1989,2720,7
1806,863,3
3013,440,10
1604,1940,12
2853,2125,13
1149,2117,3
1860,946,2
2478,1104,10
3707,1651,6
4631,1156,13
2911,3608,6
3219,988,1
3689,3528,3
3070,2514,6
1323,2516,5
2846,2951,10
2101,2696,5
1993,405,6
3018,2758,14
1234,594,12
4052,3859,11
2795,754,5
2369,862,8
3802,3991,12
1645,2093,11
2615,3625,1
1715,3147,2
3458,2593,8
3942,3536,5
2950,3795,9
3113,944,10
3141,3415,8
4553,1084,12
4869,130,13
1191,1919,7
3582,597,13
4352,2015,10
4489,2855,6
1250,3374,7
1415,2800,2
3922,2614,2
1532,2129,4
4991,2205,12
1772,792,8
3538,1469,4
1434,578,4
1818,2583,13
3038,1072,4
3231,139,6
3057,303,10
4693,3037,13
4959,1680,13
2807,3835,8
1270,2104,13
1308,3677,8
3019,1349,7
4243,74,12
4797,553,11
2370,511,3
2674,817,7
2715,32,9
4264,307,7
2376,3019,7
4652,3094,10
2821,2281,13
4886,1160,8
2852,3084,1
2484,300,4
1817,2699,6
4827,2312,4
1967,43,11
1966,3818,1
1093,3373,4
2390,438,13
3290,808,3
3452,1500,6
3873,153,6
4336,3831,10
4984,751,7
2222,341,6
3095,2193,3
3814,699,4
3809,2633,9
1649,1198,10
2946,2602,13
3983,1924,6
2305,1915,3
4640,2113,14
2893,3966,6
3567,1855,7
1778,2997,12
2710,3898,3
3069,614,2
2314,3622,9
4795,1680,13
2056,1709,13
4340,1991,9
3718,797,12
1086,436,9
3318,1336,4
1278,3708,9
2470,3491,7
2656,2973,1
4160,2963,5
3871,1090,5
3569,323,10
1644,956,1
1220,1008,13
2449,3186,8
1280,988,10
2110,921,9
4591,1606,10
1627,3561,14
4479,2979,9
2839,1212,2
2268,898,7
3968,3031,2
4679,3580,12
4378,1600,9
4846,1071,3
1949,2415,5
3469,1308,13
3744,1987,12
3422,3949,12
2202,2196,6
3306,1615,13
3173,492,4
1696,3806,1
1408,3057,1
2407,3322,11
3519,3014,2
2120,790,13
3077,625,7
4447,2360,9
2486,2074,1
2003,3236,6
2734,947,8
2955,462,5
1408,1473,6
3983,3701,12
2676,3473,14
3374,563,9
1955,2063,4
1361,3829,8
1617,1315,14
4045,1587,2
2432,1800,4
2187,3097,3
3205,171,7
3242,2529,13
2430,3854,3
4373,717,4
2319,1635,14
1775,3480,11
4078,1000,10
3270,2284,12
3500,216,14
1210,615,1
4303,3571,2
4881,2021,6
3068,2694,7
2879,1988,7
3485,3067,12
1296,829,10
4879,445,9
3731,3802,8
3511,2143,12
3020,248,11
1900,46,4
4150,303,7
2327,1579,10
4896,42,2
3924,3869,9
3209,2279,6
2037,463,5
3639,768,3
3135,110,3
3910,2349,5
3090,3360,4
4812,1014,10
1021,948,14
3917,3432,10
1073,545,8
2653,1505,7
1744,3213,4
2903,129,10
3412,88,5
4547,2571,8
3987,2284,11
3582,2373,2
4385,3587,6
2490,1492,6
3901,1828,12
3288,1676,1
3369,1993,8
2989,3509,14
1846,2069,7
2331,954,14
2581,3565,8
4898,3869,1
4928,2230,12
1503,2650,12
3966,1537,4
2830,1403,14
1946,1074,11
3634,3393,8
1087,3132,6
1171,1249,5
3113,1193,4
4202,1652,13
4303,195,3
2470,1403,12
1432,3938,14
2089,2816,11
1680,3704,7
1424,782,14
2419,663,6
3543,3200,9
4209,1191,8
3489,2799,6
2370,2980,10
4639,3221,14
1909,2549,11
4599,2099,1
4966,2119,12
2943,1745,4
1822,3867,4
1775,2820,7
2448,2670,2
4626,2599,5
4629,756,1
3731,3987,9
2255,2432,7
1292,1318,1
2532,864,11
3208,3095,5
2121,1209,12
3835,784,5
1011,2899,4
1035,3137,9
1925,583,2
4603,1619,12
3399,3863,4
4760,1365,10
4845,3372,11
3243,1273,1
4316,3370,7
4279,1803,11
2653,1762,14
2214,1973,12
3513,2606,9
4651,3267,8
2048,3955,7
1189,1148,8
2579,3136,12
2038,3693,8
2022,48,14
2431,1477,2
3882,1305,1
3907,1575,11
2093,3532,11
1816,1132,1
4473,3433,14
4263,522,9
4287,1608,3
1796,3727,8
1295,3215,11
2178,589,13
2833,2336,9
2533,629,11
1840,1635,10
2723,3157,6
3944,3761,13
4133,3010,4
3026,349,7
4952,3221,3
2698,1326,14
2647,2130,13
2446,2290,1
1831,756,2
2271,3617,6
1814,1896,10
4139,599,4
1028,2868,13
2360,1928,12
4549,1239,3
3622,2398,11
2705,1685,6
3837,3742,14
1321,2863,11
1990,3336,8
1401,2203,10
1381,162,13
2117,3905,3
2612,3165,7
1218,2764,13
2993,2710,2
2647,1296,7
4784,2433,11
3048,3084,10
2804,2033,11
1968,3178,13
4291,316,3
2797,157,5
4687,1413,7
2195,3983,10
4220,3344,9
2584,3953,11
1227,742,7
3714,2032,13
4437,1988,9
3166,1137,11
1214,1769,6
1117,2404,9
4831,2048,11
3108,267,10
2827,230,1
2682,3857,9
4285,3837,5
1729,1598,10
1999,186,5
2390,2307,9
2128,2736,12
1470,2229,12
1102,1164,13
1364,413,3
1730,46,13
4476,1612,10
3183,1709,8
4401,3141,3
4004,466,7
3714,3359,9
3530,2249,4
1358,1063,8
4498,348,5
4627,2916,9
2707,3918,4
3314,164,7
4810,1598,3
1040,3764,10
2560,1115,3
3884,2502,13
4609,2843,9
4491,103,6
3907,3168,4
3448,109,4
4265,1578,5
2702,886,12
2141,2916,7
3381,3940,7
3747,2733,2
4345,491,5
1277,861,2
3684,3165,13
4838,3416,4
4853,3407,4
1695,3430,1
2752,1545,4
2435,3577,12
4151,812,13
3253,1198,7
3474,3284,8
3709,1857,6
3846,3112,11
3530,3739,10
1217,2807,13
2659,1037,5
3140,2442,13
1209,79,10
1076,3863,9
4582,489,3
4409,2462,11
2603,1710,11
1192,1451,14
2334,2629,2
2190,378,5
3519,2992,2
4918,3284,9
2545,666,8
1554,3254,10
2509,1047,9
4965,493,1
4075,3999,3
1048,2232,4
1612,2488,10
2149,2966,13
3514,2186,12
2456,3618,5
1224,1679,1
1474,3206,10
3943,3746,14
1976,930,6
4151,711,10
3047,1695,1
4202,248,2
3569,2262,14
4986,2246,5
4126,470,5
1451,1362,4
2212,2469,9
4485,1293,11
3991,1809,7
1109,618,7
3759,1152,3
3368,384,8
4452,1881,1
3314,2578,9
2810,1671,13
4589,2047,6
1237,1521,6
3318,860,5
2307,33,12
3231,3259,13
3089,2682,11
2224,2302,9
3372,3686,7
4870,1519,3
2232,3572,7
1620,69,12
3627,1777,9
4591,1400,5
3387,3257,6
1908,991,4
4422,3231,3
4302,3876,4
4743,684,11
4568,2968,12
4162,3156,12
4174,1683,13
3544,2934,7
2367,1550,14
3179,1430,3
1916,1880,9
2663,2548,9
4522,3404,13
4914,3308,7
4376,1750,4
2710,1943,5
2818,478,1
1118,3871,1
2222,2995,9
1152,3858,14
3441,1463,4
1564,3851,9
1909,1165,6
3035,3581,2
1763,2774,6
1111,491,4
1544,2887,14
1799,3117,13
2120,570,8
4465,2443,13
3875,1142,6
3702,1804,6
2023,1028,8
3927,45,4
4888,487,12
1811,835,5
3443,2457,2
1614,96,1
2279,2196,3
2137,782,10
3282,482,13
3982,2743,14
4505,1884,4
3752,2745,9
2403,1690,8
4136,2390,6
4793,1289,8
4562,2272,9
4377,519,11
2243,3979,4
3751,1884,5
3108,1823,2
2662,3198,14
1838,1146,2
2962,321,2
2590,1473,8
2146,1016,4
2536,2759,2
3853,1148,11
3797,3794,1
4500,1009,2
3419,3870,9
3287,201,1
2254,2950,7
3517,3080,8
4183,2140,6
2358,1216,9
4581,2235,1
3789,1230,3
3085,3181,5
2545,3303,9
4015,558,13
2306,1059,10
4750,3007,8
3044,1442,14
3633,2369,1
4492,2678,10
1379,2526,9
3693,3866,14
2846,86,4
2365,247,5
1617,2175,12
2584,790,3
1869,31,2
2445,381,6
4397,2944,11
1953,2484,9
2571,1933,5
1806,1196,13
1407,3052,3
4503,120,8
2058,448,7
1322,3039,7
3064,1150,10
4983,320,14
2234,3273,11
1568,2321,7
3161,2019,12
3284,1342,3
3968,1342,12
1457,2781,11
3213,3200,14
1972,196,11
3242,2657,2
1196,2790,3
3734,3065,11
1469,2563,8
3240,3075,3
4161,3639,10
4813,623,8
3495,3470,12
2738,2603,3
4458,637,1
4177,1664,5
2374,3069,8
2792,454,5
4753,2976,13
1925,1654,8
2578,3630,9
4420,3131,2
2349,2213,3
1565,2544,8
1743,1739,7
4709,233,10
4737,3330,1
4385,2137,13
2483,3956,12
4629,557,11
2664,2215,14
3462,1529,5
4606,339,13
2774,1353,11
3048,1,11
4484,1366,7
1603,3191,5
3317,2157,13
3140,1995,6
4747,1047,9
3980,1570,6
4968,2713,12
4948,3296,13
3286,2595,12
4305,511,2
4619,149,2
1329,2229,8
3804,794,13
2445,2597,13
3852,1078,12
1624,2291,3
2668,3942,4
4735,318,1
1353,789,7
1099,2999,1
3278,2325,9
1018,1935,2
2835,918,3
4051,982,2
1530,3536,12
3039,2011,11
4273,3925,3
2878,2075,3
4478,3859,2
1476,1060,14
2237,3789,4
2515,3395,2
1571,3001,12
4961,3530,11
2963,1804,2
1275,1717,12
3066,2815,10
1684,2730,7
3586,2892,8
4338,1635,6
2640,2952,14
1931,354,12
1478,1406,7
2243,802,7
1767,966,3
2918,3955,3
4045,1847,3
4264,772,7
2456,1484,14
2006,3735,7
2066,3723,10
3968,2681,6
2292,304,1
4887,175,12
3243,2543,1
3600,1163,1
2707,1537,13
1393,1904,7
1034,2947,8
2881,2548,10
2422,2030,5
2174,1369,1
2496,1940,6
1375,1386,6
1004,2962,6
2529,1599,12
1419,3290,8
3980,340,10
2914,230,6
1528,2070,8
3997,1753,4
4190,682,7
1336,3914,12
2378,455,13
1274,413,14
4706,2859,12
2817,1264,13
2082,3717,10
1985,2713,8
1308,1811,13
1545,263,12
2074,1967,6
4554,2367,4
4880,2088,5
3203,1070,1
2417,3108,9
1568,805,2
4765,57,12
4129,2874,2
4814,2435,8
2897,2058,2
2497,3819,10
1308,976,4
2090,3349,10
1880,2571,9
1736,95,4
4856,3423,7
1860,2398,12
4168,587,8
2651,2053,13
2328,2216,3
4069,241,5
2623,3913,14
3359,3788,5
1806,1744,7
3356,835,12
1840,1559,11
2405,1090,7
1612,2406,2
4951,785,10
1702,2864,11
2388,3320,4
3129,448,8
3911,1103,5
4386,3974,9
4849,3655,13
4879,236,9
4839,3056,8
1775,1843,8
1106,3994,10
3793,2491,6
3242,209,13
3612,3894,1
2050,3630,5
2451,3579,6
3083,425,13
1969,1929,1
1937,2981,13
4393,2617,13
4341,3866,3
2227,2593,8
2573,424,5
4214,1476,1
2187,3281,8
1741,2609,10
4790,739,5
2570,1599,1
2144,857,14
1181,2937,1
4783,3800,8
3246,2599,8
3188,3684,2
1367,1031,9
3356,1884,4
3632,2025,14
1870,3433,11
3396,969,6
4143,3265,3
3543,3142,6
2990,2369,13
1891,3369,2
2590,1865,10
4548,2466,2
2660,847,2
4431,2802,2
2533,2569,4
1007,1755,2
4144,759,9
2663,88,11
1760,2493,1
4728,3991,2
1647,1451,8
1398,3250,11
2181,878,9
2097,3989,10
1112,860,8
3846,3160,12
4570,1897,1
2420,2402,13
3263,1765,2
3905,773,5
4817,1620,9
4232,907,12
1362,2446,3
1768,2967,14
1511,105,9
2206,2359,2
3078,2520,8
2753,461,5
1305,2401,5
2497,694,2
2999,2634,1
2080,1717,12
2842,2850,10
1967,681,2
1682,115,6
1708,3953,9
3632,2520,3
4798,3532,5
2940,2368,9
3603,857,8
4647,1502,11
1165,1406,12
4324,3209,3
2011,485,9
3056,721,14
2801,1691,12
4124,3465,6
4865,1980,5
3477,1822,7
1931,934,8
3288,499,13
3408,2906,4
1492,1529,4
2646,3988,11
1803,2125,5
3134,819,9
3403,205,11
2446,441,1
2440,1979,12
4153,3653,8
4074,3642,2
1685,434,5
1992,1629,6
2405,1099,4
3490,21,11
1233,1875,8
1999,2884,2
2133,3526,5
1249,352,1
3913,3768,2
2082,2429,1
2803,3062,11
4899,3369,7
1440,2844,12
1588,429,11
4933,37,8
1807,1711,8
3782,297,7
4489,1318,6
1447,2940,6
1087,1076,2
4518,3484,4
3630,1989,9
1800,1173,8
3708,2697,3
4620,524,7
1011,2436,4
2947,3141,2
1280,897,4
1873,360,13
3654,437,6
3517,2512,10
1736,2383,13
4661,1603,7
1583,68,11
4847,2993,2
2009,2116,13
2882,1345,7
2314,1327,9
3416,3467,10
1171,3688,8
4586,252,4
2804,430,10
2490,3046,8
1770,2036,10
1705,1460,6
4059,2107,6
1472,2282,8
4101,2918,5
2085,3318,13
4878,2027,14
2386,931,12
3669,3724,12
1505,1978,8
2844,3885,12
1742,2412,12
4237,3678,4
4534,2896,14
1515,3600,11
1037,536,9
2520,2391,9
1503,3118,11
4999,2219,2
3212,287,4
2361,1436,12
1568,1015,2
2740,1714,10
2669,3021,11
3714,861,9
2886,2853,3
3366,685,6
2471,1576,1
3152,474,4
4303,1985,14
1598,390,2
4457,1803,12
1272,95,6
1746,1302,11
3104,2718,8
4140,3815,9
2553,3457,4
1466,1462,2
4826,1430,1
3204,3904,6
1915,1434,13
2860,3564,4
4989,1537,5
3904,713,9
2486,2574,11
4306,934,4
1931,254,3
3529,3752,12
3981,477,14
4929,3938,7
4335,376,14
1173,592,1
1160,396,7
1371,1918,14
2841,2452,13
3811,1437,9
1926,3269,14
4965,3053,13
4923,182,12
2223,1644,1
2142,2563,9
1656,1982,2
1190,3686,13
2352,2344,2
1533,1385,6
4047,2240,11
2774,1870,5
4219,2840,4
2400,450,8
4601,909,12
1926,745,13
3352,3761,4
2476,3396,12
1826,2087,3
1727,537,2
2455,434,5
4585,522,3
3218,2903,12
1882,3219,10
3242,3471,9
2494,1936,7
1533,3220,9
3360,1779,11
2463,1128,1
4964,1678,4
1507,3386,2
3598,3712,9
1567,3607,3
4321,3808,13
1058,1458,4
1220,350,8
3280,126,8
3594,3386,10
4663,2690,3
1613,3896,4
2544,710,6
3269,3908,14
2055,2981,13
1892,1480,3
3434,2545,4
4291,667,5
2821,2442,9
3955,3196,12
2983,1400,7
2061,3890,5
3825,3213,7
1364,2698,5
4906,3611,5
3417,1918,5
1011,2905,3
3253,2596,14
4983,2791,14
2037,1736,10
3130,3655,4
2875,3055,3
2779,816,12
3463,328,3
1145,1249,5
1068,2650,14
2282,3270,8
3141,2609,1
2630,3986,1
1592,3899,3
4605,1756,10
2010,2253,13
3837,2864,5
4386,1410,10
2637,2072,13
3821,3541,9
1403,985,10
1796,579,1
2329,2162,5
2619,2468,8
1500,335,13
1520,1828,13
2694,2309,3
3843,2719,11
1805,2209,3
4677,3381,4
3412,1909,2
3425,278,3
2647,1734,10
1177,2914,7
4932,788,6
1286,994,4
2286,269,12
1693,526,10
4444,445,14
3734,3509,14
2133,1013,13
3219,2841,8
4899,3031,14
3590,3710,11
1751,354,6
1494,2577,1
3975,183,2
2083,230,13
2911,2511,12
1898,1092,2
4255,1884,6
1093,742,13
4010,2876,9
4424,3082,11
3484,3756,10
1995,3497,5
4058,2642,13
2778,1061,9
4779,2638,2
3444,3672,12
1218,541,10
4904,3500,5
1563,2009,9
2594,3071,6
2277,1508,3
3172,1454,7
4719,120,4
1629,3774,7
4868,627,6
1669,1384,9
4519,935,11
2933,2870,5
3296,2889,13
3862,472,5
3163,2284,1
4806,2078,8
2778,2285,9
1055,1624,7
2154,3986,10
2767,1858,5
3364,3169,5
3750,202,13
1626,1816,8
2205,127,2
2259,3231,8
3727,3617,5
1378,2460,8
2956,3391,4
1672,1889,11
1838,3726,9
4278,2152,13
4905,1408,7
3574,3638,4
2514,1213,4
2055,2678,10
2142,1023,8
2690,1301,2
1102,3054,13
3298,863,3
3108,829,8
4645,2664,2
3866,2873,10
2994,443,4
4310,2375,10
2029,3519,6
3944,2905,10
2047,2022,6
3610,1087,6
2186,1050,3
1146,3019,12
3566,143,2
1420,2540,14
3166,3738,13
3463,2597,12
1376,1207,7
3458,809,5
2683,3722,13
3241,939,10
1464,422,12
4106,114,11
3303,2504,8
4150,2907,11
2903,2146,6
4612,1986,7
2094,1136,9
3604,3099,7
4166,2296,1
3731,2730,12
4220,3161,14
2748,1460,9
2662,3391,12
3604,1007,11
2957,2422,7
2724,2224,5
4554,2538,13
4362,691,9
3475,1963,1
1334,2195,1
3990,2126,13
4855,207,5
1479,3590,4
3424,80,11
4028,34,7
1630,1609,4
3650,1617,7
2972,643,5
4828,3160,2
2004,3951,13
2925,1993,11
1260,2819,5
3578,3207,5
3462,352,3
3476,3149,11
2493,3351,8
2739,1944,14
2832,1256,8
2794,2392,13
1931,2839,2
3977,55,12
1782,503,14
3897,1867,12
2048,3257,10
1920,394,2
4838,180,4
2801,226,6
1479,3709,7
4701,3108,1
1559,2181,10
2028,2448,14
4871,1468,4
1686,2193,12
1391,423,3
4328,1660,6
3112,3200,10
1885,2614,1
1693,3366,5
2936,2132,5
3490,2151,12
3393,3718,10
3513,3161,11
4019,637,5
3081,1613,4
1203,1725,10
1805,2018,5
1579,3024,1
1636,2017,2
3360,457,2
1083,1843,7
2524,1956,11
4974,2666,12
3249,3637,11
2646,1329,9
1154,3539,9
3587,359,4
3903,837,10
2170,638,1
3780,3010,10
2780,3518,7
1997,1281,3
2725,3807,1
2273,3180,14
3589,1951,11
3743,2565,13
3234,2889,9
2413,3945,14
3423,2421,13
4882,1930,4
4887,2134,8
4935,1754,2
3538,2774,4
2277,3892,2
2523,3770,5
3264,2021,2
2607,244,2
4720,2036,6
1041,2106,4
3905,1237,12
2026,3033,14
4020,2740,13
2364,3593,1
3863,3329,10
3831,520,7
1501,2724,12
4579,3523,10
1639,487,8
3065,201,1
2723,246,3
2216,2421,6
1016,2569,14
1958,1232,11
2442,3653,2
1342,2932,14
4288,1121,8
2869,1137,3
4508,1925,2
1451,3552,4
4645,1160,13
1719,758,1
4291,925,6
2546,432,14
4465,955,3
4863,3471,12
4924,3125,10
3437,2321,3
2794,292,9
4666,1852,3
1330,3644,2
3793,1660,11
3489,2740,2
3340,847,7
3483,2561,12
1421,788,11
3840,903,6
3290,955,9
2861,168,10
3030,3596,8
1654,1288,7
4004,635,4
3109,2309,13
2819,416,5
1887,2734,12
3838,743,5
3656,1167,13
4773,707,11
1186,3530,1
1968,2405,10
2370,3444,11
2186,3756,3
4814,2018,12
1563,771,10
1861,3152,3
1296,801,5
4505,1789,1
3393,1751,10
2790,2614,2
2547,3701,3
2693,3880,5
4328,2249,4
4719,1563,8
2515,2942,1
3999,1426,14
2216,1697,2
4991,1944,6
3853,24,2
4810,815,5
2001,3000,8
4534,2312,8
2723,2042,4
3239,2398,6
3176,1142,11
4231,1539,4
2038,1474,4
1654,3642,7
2070,2829,12
4365,3236,7
2054,1693,12
2897,2876,10
4850,2871,8
4172,2510,14
4678,2508,1
3661,34,11
4762,3345,7
3136,2101,8
1425,3414,7
2781,491,9
4314,216,3
1964,373,4
1705,755,11
3024,1971,7
1136,266,8
3835,554,3
3426,1133,2
4055,18,13
4144,2486,3
1744,1206,7
3794,3106,6
3186,2335,2
2183,1000,5
2628,393,9
3455,1537,11
2714,1738,9
4970,3977,8
4652,3071,10
1172,578,3
4084,3826,14
3330,2651,11
1393,3757,2
2315,3372,7
2547,246,12
1868,2931,14
4958,32,7
2030,1320,3
1384,1599,1
1158,919,6
4321,1630,13
1260,33,4
2164,194,14
4331,2380,5
3646,1340,9
3412,2620,6
3385,451,6
3581,1179,12
2338,2478,1
3701,515,2
1636,2354,2
2578,2905,2
2968,446,14
2252,1267,8
1571,3677,13
2812,3804,4
1148,3026,3
1676,2540,11
4934,2084,13
2524,2025,9
4749,3171,10
4621,3556,12
1909,3977,1
4547,3201,5
4911,3317,7
1862,275,12
2375,2514,6
3089,3472,8
3221,1197,6
1687,3858,12
2028,1559,4
1047,155,10
4625,3397,8
3871,591,3
3787,966,7
2113,1310,2
1035,3011,5
1511,1990,11
4633,3993,6
4169,1155,4
4194,599,9
3489,2582,11
2029,3516,1
1425,742,3
3877,769,10
1154,875,13
2895,1137,5
4583,236,8
2160,3141,9
3217,770,5
4318,314,9
1896,1522,1
2914,441,5
3716,1118,4
3974,566,10
2503,208,8
1910,1013,1
2839,3882,3
2815,298,7
4492,3357,3
1795,2357,1
3969,1562,12
4132,465,3
1788,114,7
1790,3129,7
3103,3694,1
2843,2515,13
2713,254,6
1977,568,13
2004,1076,3
3939,3385,14
1650,3230,2
3132,649,3
4251,1302,3
2394,1516,9
2369,3438,13
4704,3890,12
1521,1420,5
1262,3409,10
3969,1078,11
4039,3214,13
2468,3313,8
3110,1279,4
4099,1371,10
1497,1276,8
3012,1548,5
4629,1243,12
4185,3929,10
3874,1632,5
4118,2407,7
2216,3851,8
1808,60,14
2335,771,2
2058,2087,12
1573,1967,7
3486,2311,6
1030,1279,11
4712,3360,7
5000,3558,6
3775,1934,1
3664,1355,8
3317,3423,6
2501,1497,11
3509,3949,14
1555,3127,6
2048,1300,11
1436,906,11
4525,227,10
2339,2035,3
4803,152,8
4742,1598,12
4448,2965,1
1312,3185,14
1020,2640,14
2193,2670,13
2620,367,5
1323,1949,2
3340,2334,11
1410,3704,14
1330,3652,7
2457,1688,11
4192,3115,12
3629,3384,13
2890,239,5
1477,2609,8
2798,3317,14
2422,290,9
3198,3755,11
4629,3952,8
2355,1488,14
3557,1063,11
2415,3635,3
1648,1449,4
2116,1425,13
4001,2116,1
3931,36,7
3599,1491,12
3496,1302,12
3830,3,14
3094,1608,10
4696,61,2
1777,822,13
4462,50,7
1282,2010,7
1410,12,8
4838,3168,14
3580,222,13
2946,1270,8
1001,1173,11
4930,689,14
4625,3954,6
1762,3484,8
4167,539,8
1976,1472,13
4307,3043,9
3322,2491,1
3824,120,3
1059,3836,2
3269,3964,2
3238,1550,1
3270,884,7
3577,1408,14
3462,3178,13
1455,870,7
3012,3272,10
3931,3003,7
2273,277,14
4169,551,6
1363,3650,3
3685,1426,10
2890,1810,3
2177,126,12
3220,3686,4
1835,3462,2
2840,3944,6
3125,2231,10
2484,3095,3
2511,1596,1
2607,354,8
4327,1060,13
3813,1102,14
2796,1230,1
1527,616,11
1249,787,14
4920,331,14
1565,1506,9
4503,536,6
4193,1536,12
4655,2115,1
2728,1281,8
1075,718,13
3931,2202,1
2611,923,13
2525,1937,7
1758,600,13
1558,319,6
1718,369,7
2060,1364,12
1536,3294,1
1549,2145,12
3290,3708,8
3811,872,12
3454,1537,12
4182,3682,10
2212,2021,6
1730,1460,4
4869,3628,6
1446,3021,13
4238,235,14
4995,445,4
4521,822,10
2341,303,13
4963,2281,3
1445,605,9
1683,3073,1
3542,2518,10
4951,3442,6
1360,1964,11
3030,1123,14
4069,2542,3
2217,518,10
2257,2190,13
1268,1445,2
2400,2897,7
1749,2979,3
2730,2025,10
4669,3128,10
2378,1056,5
4215,3241,5
4120,2458,14
3510,725,5
3289,2312,3
3398,2623,12
4639,805,13
2448,1238,8
4411,3181,9
4372,3087,13
1755,1825,2
3773,1953,6
3733,3941,8
3280,2099,8
3739,3740,1
2882,88,9
1734,3677,12
4960,50,1
4139,3869,4
4565,3640,13
2288,2796,10
4010,93,7
1765,1480,1
1796,1541,9
4625,3690,7
3460,618,6
4322,3660,11
4995,1396,3
1034,2316,13
1290,1669,6
1680,684,7
4902,925,5
3000,2909,2
1016,1988,7
2124,364,3
2541,2861,10
2889,839,6
4190,1368,4
3328,3759,13
1959,766,7
4544,526,2
2856,3947,9
3193,732,11
4276,1534,4
4529,1299,7
4242,2813,11
1023,1499,13
1600,1777,5
3544,2748,4
3980,1666,14
3368,3341,1
3621,1544,6
1162,3949,14
2033,2659,10
4846,267,9
2054,1912,12
1347,286,4
2925,3026,13
2288,1902,1
4161,220,2
4293,882,9
1852,510,3
2085,2595,5
4214,3549,6
3986,2450,10
2467,3340,12
2107,2352,8
2900,1928,6
3826,3378,2
1157,2132,8
2808,1363,1
2564,3999,1
4172,1550,10
3993,2971,11
3164,3701,8
4647,2549,5
3493,1276,14
1689,996,4
4337,3368,5
3222,711,11
2689,1260,4
4512,1200,2
2154,506,13
3289,2199,8
2696,848,7
3296,3011,6
4754,119,14
4211,3194,12
4847,2079,12
4764,3307,5
1340,3393,13
3346,2796,8
2504,3081,13
1459,1345,14
1456,531,5
3915,453,8
1028,1398,5
1352,156,4
4658,86,14
3094,541,7
2850,3489,6
1702,3280,3
3665,3910,9
2496,2046,3
2785,3619,5
4717,2751,10
4975,3224,14
1526,368,8
2255,3680,9
2941,574,3
2593,2498,4
3311,36,14
2640,3884,4
4467,2176,9
1847,3986,10
3880,1361,7
2822,3624,14
3344,1879,12
2789,1121,1
3849,1705,14
2385,3789,7
4513,1914,14
4156,1209,4
4970,3432,2
4980,3216,1
1305,1128,11
1489,3869,6
1711,3091,14
3337,3056,2
1751,1346,3
4082,2240,5
4627,3254,13
1935,3300,9
4389,196,1
4951,2944,10
2987,1201,13
4272,3663,3
1969,2606,11
3122,2458,14
2548,1551,7
1031,3820,6
3092,597,13
3085,1815,4
4149,2426,13
3778,515,10
3547,690,13
3735,1681,12
3881,419,10
1146,1183,13
2742,3114,14
1764,1599,8
3390,3155,12
4342,1721,6
3134,912,14
4707,3561,6
3640,59,5
3764,1705,2
3607,3967,6
4935,660,5
3696,34,11
2233,2635,8
3711,3088,14
4311,1216,3
1354,735,14
4462,1160,4
1686,1058,4
1904,2691,4
2968,379,6
2719,3562,1
1613,3401,10
4366,1323,10
2592,960,5
3991,2568,4
4632,3178,13
4016,3499,13
3528,1991,4
2359,490,5
4096,102,11
1027,2283,10
1135,3,7
2103,2178,12
1905,3683,7
4944,3131,13
3245,1364,9
4502,2808,11
4713,2607,4
3916,2455,11
4761,877,10
1139,197,13
4487,903,12
4405,1494,4
3890,77,14
4901,3270,7
3960,2328,1
1635,2675,7
3176,305,13
3287,3541,3
1833,2157,6
4757,724,11
4055,455,3
2677,2235,14
2400,3617,10
1492,654,11
3998,1898,13
3417,3594,14
2118,3895,12
2016,2469,13
4848,2283,2
3461,3106,9
2397,3394,5
1921,1680,11
1347,2475,9
4928,350,13
3664,798,5
4971,1876,12
2910,736,5
4107,2093,12
4638,1917,6
3425,2661,1
1759,3025,14
1279,2273,4
1520,1763,6
3311,526,6
1582,1507,12
4242,607,12
4124,1427,12
1363,2720,7
4453,2252,5
1596,3952,8
1726,2296,6
4545,1317,7
1659,253,9
1686,229,3
1557,3740,8
4647,2043,13
3386,2618,13
4634,688,5
4501,2694,4
3891,1284,4
4626,1989,2
3903,2031,9
4978,1468,2
3980,2760,4
1539,3904,14
4246,3600,2
2759,3921,2
4081,1249,7
1731,3399,13
2503,1140,12
3830,3591,4
2142,2971,4
1168,1305,10
3489,635,1
2637,2500,9
2220,1316,3
2480,1736,1
4260,2671,13
2794,409,6
2164,3737,3
3792,1455,6
3087,3680,9
2670,1962,5
2410,2709,7
4952,3389,4
2864,1175,8
4634,299,14
1016,3373,9
3920,3643,3
1608,377,1
2412,3272,14
2589,1353,2
3330,3673,6
1861,3239,10
2132,1160,2
3876,2664,6
1500,2568,6
2824,2212,14
2675,2057,13
3278,706,13
2376,802,9
2118,2918,14
1760,2230,5
3800,3460,4
2002,3663,8
2577,2973,1
2128,1584,6
3180,1512,3
4339,1601,7
1805,2093,3
3252,1611,1
4716,304,2
3964,330,1
3631,2898,7
2881,1709,5
4763,3579,13
4132,1823,3
4037,3806,8
2360,355,9
4886,1181,8
1099,3244,11
4387,1005,3
1282,3805,3
3313,237,4
1886,3383,8
1052,3601,10
1075,3015,9
4933,1414,8
3797,3865,10
3421,3874,6
4532,1828,2
1755,713,4
4130,2895,11
4323,1580,9
3181,3543,7
2000,1813,6
4521,117,5
3273,724,6
2532,2672,11
1359,3850,10
4193,1542,8
4271,3670,3
3330,1126,7
2328,3868,13
2353,2604,11
2440,3683,1
2634,2461,11
4372,3442,11
2713,1430,4
1685,1810,9
2145,1508,6
3033,3833,13
3455,3815,14
4261,1168,6
3923,1054,1
2736,1224,12
1365,592,5
4246,2744,13
2137,93,10
1764,3499,11
2132,1299,1
4196,723,4
3048,1464,13
3752,141,5
3958,3226,9
3176,3833,4
2283,1378,7
4463,3269,8
2243,2906,10
3473,925,10
4513,2153,5
3072,830,3
2901,170,12
4980,2879,6
3214,2989,6
2065,2231,5
4301,734,8
3324,3763,8
2437,2905,1
2128,2286,7
2748,3653,9
2727,3232,5
2259,1246,11
1096,2680,8
3096,2470,14
4728,333,8
4827,2364,5
4443,1035,5
2066,1515,10
3115,2051,6
3066,3854,10
3887,476,9
2889,3057,10
2454,1835,11
3892,1817,2
1954,3628,2
4288,751,6
2781,1978,6
2748,1665,8
2273,3274,6
1563,926,8
1930,3521,11
2626,485,7
3416,1094,10
1459,3758,4
4183,3582,9
3413,1644,14
1725,3488,8
1726,3905,2
1342,3374,13
3921,1535,6
3498,3535,9
2981,2778,4
3992,3895,9
1574,2038,8
2445,2834,2
4642,2605,3
3285,3493,13
3298,2059,4
3975,2192,14
4029,3150,11
4506,2412,13
3753,3070,10
2653,431,8
3115,1557,7
3238,406,1
2131,1789,2
1612,2702,8
3219,2446,9
1997,3426,10
4020,477,5
4426,795,12
2466,3473,4
3767,274,12
3431,243,7
2569,2801,2
4784,2343,2
3645,3544,10
2658,2562,2
2060,1225,10
3313,1478,8
2265,2070,14
4143,395,3
3900,24,11
2486,2877,6
4232,1509,4
2756,1665,1
3312,193,12
4458,2560,12
4202,3139,14
3420,3850,9
2368,3318,12
3598,3787,7
4968,1001,2
3121,2040,7
3134,3583,7
3704,507,5
1596,3443,9
1715,1844,5
1689,3267,5
1397,3493,13
1419,2741,13
4235,205,4
2593,3723,12
1190,2777,7
4923,1325,14
2187,3797,1
3662,2592,6
3165,1886,10
2812,2884,11
4242,290,5
4737,290,8
3836,818,11
2757,3120,1
2490,3809,8
4360,378,3
1387,1444,12
1550,938,6
2476,275,9
4318,3837,1
3567,2354,4
1611,2779,10
4753,107,14
2607,325,13
2364,2969,4
4187,187,4
3538,3695,14
3932,2125,12
1509,694,12
4640,3381,7
2892,2025,4
3425,2923,7
3378,547,5
3225,709,14
2656,2222,13
3304,1876,5
2325,3702,8
4052,3858,14
1624,50,10
1047,3621,13
4079,3967,14
1376,1900,10
1645,1502,10
3532,3520,14
3181,2484,9
4295,2654,10
2006,2697,5
2689,3101,8
3290,506,6
4049,1763,11
4542,2581,14
2191,2948,4
1961,1825,2
2489,117,6
1280,1099,4
2664,2502,14
1962,2427,12
1213,2274,3
1145,843,8
4876,2516,5
4934,815,1
4106,1955,5
1686,2387,4
3619,2470,14
2248,1101,5
2077,2151,8
4138,806,7
1865,706,3
4387,1689,10
4804,3703,5
4708,2314,11
2257,1780,8
3252,2566,14
1234,749,8
2739,1076,1
2501,1628,1
3278,2930,13
1669,189,9
3486,2391,2
2791,721,12
1079,3477,3
3906,2987,14
3581,3863,3
3149,3554,10
3290,2992,4
4493,50,10
2282,3549,1
1367,1236,10
3544,202,4
4962,2846,9
1382,3526,6
3440,285,14
2422,2837,13
2692,766,8
2750,3265,2
1632,1684,8
1716,695,4
1862,1321,8
2755,2758,5
1571,1016,4
2183,653,11
2531,2684,10
1203,2449,12
4058,2386,1
3540,3712,1
2377,2687,3
2175,1845,7
2694,942,9
4194,2130,1
4078,3768,8
3786,1179,9
1258,2408,2
3849,2735,3
4327,2289,13
1005,3847,5
1386,1059,3
2020,56,10
4786,2086,9
3732,3681,5
2950,2723,3
4701,1746,6
4155,898,10
1740,48,14
3726,2453,9
4308,1759,11
4276,2052,2
4478,2255,10
4781,1686,7
2875,2754,7
4804,3534,14
2539,2160,11
4882,2521,10
4156,569,3
2089,1859,6
3067,1435,4
3202,4000,5
1600,778,12
2918,3785,14
2117,1061,12
2300,179,3
1459,3773,6
4830,2723,2
2512,3182,9
2080,1710,3
1959,1914,9
2427,2735,2
2742,3730,12
2743,3896,10
3830,3048,1
2015,2709,12
4499,1699,8
3039,3298,14
4444,509,6
1103,2181,3
4939,3642,10
4488,2464,7
2257,2535,3
2992,1120,11
1218,3761,11
4153,910,11
1034,3787,3
4211,2149,6
2256,218,4
4756,1050,5
1572,1938,7
2335,2206,11
3523,1064,2
2252,3660,14
3535,3700,13
3486,2860,1
1005,1703,1
4907,2496,1
1081,455,13
4773,1155,1
4725,2779,14
1041,621,14
4414,1739,5
4701,2627,5
2509,3157,14
3608,2162,11
4654,2326,3
2922,3204,12
3755,2409,12
1038,2747,11
3825,236,4
1921,348,12
1107,2671,4
3265,3627,5
3214,3612,9
1552,3487,4
3492,3876,9
3549,1126,7
2635,3033,10
2906,1945,3
2606,2199,12
1293,3788,11
1478,2888,6
3217,3284,10
1379,1681,5
3350,1192,14
2135,2867,5
2625,2122,2
2930,3959,11
3409,663,4
2347,2014,4
1721,385,9
1415,1219,6
4870,2057,2
2114,2006,3
1466,340,7
4285,3986,1
2122,2022,2
1972,3290,5
3534,3935,3
2392,473,6
3834,438,8
1393,1224,5
2355,2890,1
4167,2576,13
4715,301,5
4562,3477,1
4970,434,1
1533,3908,9
2696,3308,4
4318,454,5
4407,3501,14
2609,2214,12
1127,3261,5
2304,1645,1
1562,3156,12
3616,879,14
2277,668,8
2732,3221,14
4555,2419,14
2382,3579,6
2184,1220,12
2597,2577,5
2126,1930,14
4248,1015,13
4036,2881,4
1635,350,14
3041,2529,6
3681,3650,4
1687,1712,10
1950,2480,10
2694,726,14
3772,2160,6
4951,823,11
1546,881,12
1231,1741,3
3622,197,4
1099,3507,9
4831,1182,9
2312,2983,11
4223,1785,4
2817,1276,1
3332,636,5
2951,3567,7
1479,2927,6
2219,855,13
3625,1042,7
3378,698,1
2432,1636,3
4531,3656,7
2836,2485,1
1983,3246,7
1396,2310,14
2956,1260,4
1402,533,14
2537,3400,7
1943,2280,12
3913,1518,13
2206,3096,7
3970,2083,3
2310,840,11
1100,1243,11
3904,1029,9
3342,1435,5
2314,157,13
3816,1393,13
2368,2472,4
4193,2758,8
4910,3859,2
3156,3087,6
4978,2323,3
3798,3070,13
1924,2902,9
4366,2639,13
2429,3257,5
3450,2236,3
3926,2936,13
1380,1467,8
1900,2383,7
3695,2069,10
2945,3728,8
4672,3879,2
1977,2226,4
1730,985,10
2230,1619,4
1078,1247,2
1256,2332,4
1672,978,6
2133,2812,3
2652,2675,5
2646,2218,6
1485,2867,12
4563,1191,10
3231,3519,6
2493,582,14
2567,3891,5
3989,2762,9
1572,3982,1
3760,2816,13
1878,2398,2
2481,1889,11
2510,3444,11
4872,151,1
4517,1577,5
3074,2360,11
1665,2393,6
1515,1106,9
4493,843,12
3753,2909,4
1315,3702,12
4190,2650,5
2670,3460,10
4390,3915,6
4994,2776,14
3001,1483,9
4100,974,4
1514,2820,14
3873,3856,10
1569,2084,7
4575,2278,11
2940,1318,4
4828,2836,14
2526,921,2
3673,1726,14
1640,1946,7
4492,451,1
2243,3365,2
3584,2688,6
4841,1426,8
4060,1161,2
1886,740,7
4106,2129,11
3454,1181,3
3290,4000,8
2638,954,3
3201,2697,2
3567,704,10
2280,2508,2
1854,3309,4
2007,2631,13
3031,3436,1
1296,166,2
1833,3531,12
4478,2796,9
3761,3953,13
1868,3835,9
3024,1224,12
2501,156,5
4818,2208,13
4249,2876,3
1599,3384,3
3186,1323,10
3053,491,10
4800,1097,8
2162,1900,7
3495,458,7
2766,1520,8
2682,3480,6
1019,3732,4
3422,283,7
4677,654,3
4811,3741,9
4166,3486,14
1533,3481,5
1123,1575,2
4938,1503,14
1850,988,6
1324,1870,12
3826,2567,7
2292,271,5
2359,694,5
1966,3171,1
2216,2939,1
3808,3426,14
4223,2477,2
2820,3796,13
2155,2133,3
3850,3197,10
2693,2015,13
2126,3713,5
1641,640,12
1305,3366,4
2550,452,1
4054,2204,8
4575,3014,6
1806,3672,14
1217,601,3
1024,2339,12
2863,3170,7
2783,3950,5
1156,1594,12
1858,2676,3
4577,274,12
2782,3901,2
4763,2269,3
4352,2342,2
2495,1211,1
1212,3556,4
1397,249,14
1004,221,4
3614,907,11
2947,2773,7
3882,2207,4
1878,2753,9
2032,1271,7
3498,3270,5
1844,2509,5
1784,945,11
2927,3081,3
3182,2466,12
3262,3295,9
4798,33,5
2260,3530,3
3846,1683,8
2095,245,12
4992,3999,1
3083,1871,4
1634,2745,3
2691,2046,2
3016,1850,2
3791,2513,9
1612,1075,3
4563,1577,10
1111,2855,8
1676,2210,4
4791,3356,6
2060,2747,11
2832,479,4
3442,2813,3
4245,2132,12
4696,2694,5
1988,19,9
3781,1207,8
1217,2125,10
3771,2174,5
1008,2007,12
1614,1632,10
4754,2520,1
1155,1388,9
2849,3991,3
3946,1740,2
3687,364,12
3504,1457,2
1691,337,13
4457,1990,3
1427,1076,14
1630,3302,2
4051,2372,1
2569,2924,3
3282,1440,10
1571,264,14
1409,2586,14
1310,2369,5
4332,888,11
1813,3423,11
2653,645,1
1565,1104,7
4932,3068,4
1784,790,9
3173,951,14
3024,8,1
3976,2763,9
2050,2617,1
4987,3285,5
3357,3068,10
2342,665,7
1331,3507,8
1644,2973,6
1202,1891,14
1270,1046,12
2193,2495,5
4908,908,2
3294,2134,14
1515,3220,2
1017,141,11
4440,2521,10
2412,650,14
4471,968,7
4445,2911,6
4488,2591,10
1131,2516,10
1192,1492,11
3763,3526,14
3540,2312,2
2873,3527,13
3265,274,13
3860,3488,5
3162,1508,3
1067,461,2
2863,3773,10
1983,94,5
1482,3527,3
1386,343,8
4379,2175,11
2060,1555,3
3043,2334,8
3201,2414,7
2395,3518,5
1174,1411,6
4275,694,10
2460,725,6
3768,1376,3
4760,2112,11
1377,3203,9
3316,2987,11
2208,508,4
4078,1878,11
3498,288,4
3350,347,3
3732,2513,9
1893,2303,8
1974,2436,11
2868,3698,12
3909,3529,14
4620,1517,7
1308,2236,1
2805,1474,9
4162,1344,6
2382,56,13
3916,17,6
2098,3315,10
2799,1307,12
3179,3351,7
1403,3012,7
2034,1875,11
4588,2183,2
4764,1182,12
2981,784,10
1917,3091,13
4509,216,1
1708,2031,8
2356,2618,3
1444,1238,1
3981,1014,13
4205,681,11
1521,2351,1
2843,474,7
4879,3832,1
1072,2028,3
3174,1031,9
3091,2861,10
2405,3700,11
2294,3576,12
3677,2722,10
1623,3422,1
2945,2828,7
1370,5,7
1831,302,6
2449,1779,4
3779,3052,7
1357,2914,5
1149,620,3
2471,307,11
1837,267,3
1824,973,12
3962,2215,4
1934,2690,6
4172,531,3
1620,551,4
3714,2221,6
3995,938,9
4351,69,2
1943,3555,2
3439,935,11
1793,1581,13
3682,3698,10
2173,2610,9
4107,3724,4
1483,1691,5
3903,3669,11
1684,3065,3
3530,205,8
2096,427,2
2271,2158,1
3977,73,11
1424,2509,8
2720,1100,13
2217,799,9
3858,200,13
4643,3145,7
2829,53,10
3636,3377,2
4826,2575,8
1744,2273,7
4301,740,12
2014,3902,13
3183,799,14
2475,1452,6
4396,2997,11
1713,2624,6
1471,870,4
4537,2157,6
4518,1549,8
2557,1481,8
4714,540,8
3329,1514,4
4378,1554,5
2173,88,12
1827,1480,3
1200,3366,12
3932,2913,6
1274,2675,4
1351,3061,5
4564,475,2
4194,1834,14
3699,2254,10
1092,1009,4
1636,3117,6
3457,2023,14
4209,3154,3
3730,3754,14
2485,3484,9
2076,2824,8
1074,789,6
1200,2525,1
1956,945,7
1897,84,14
1079,2994,1
4233,2691,14
2097,3373,4
1910,130,12
1804,3514,14
1640,443,3
1099,2958,9
3163,2939,8
1693,695,9
2092,402,11
1381,428,14
3735,3839,6
4014,245,8
2740,1385,7
3568,2688,9
4147,653,13
2411,3805,8
3699,3757,4
3114,705,1
4943,269,6
2395,1534,11
1859,2700,10
4687,101,5
3591,2262,10
4082,2174,10
1874,2790,2
4985,1394,13
2752,2157,4
3781,3071,6
4997,105,7
4565,881,1
1594,3584,10
2785,3565,3
1455,3251,3
3106,1716,3
3145,550,11
1943,2767,11
3069,2986,9
2181,3388,9
4644,3299,4
4049,671,10
3687,1304,6
2469,3640,7
4720,301,2
2421,2684,9
1878,269,6
3682,3256,11
2151,2759,9
2725,829,11
2202,3747,5
3510,3855,4
1595,3441,9
3200,3094,10
4839,15,11
3565,3327,2
4703,2586,4
4558,1119,12
4329,3120,2
1009,1833,13
2447,74,3
4532,2081,5
4938,1640,3
4962,19,6
3966,236,11
2291,679,2
2327,1823,9
4874,2925,3
1980,408,2
1617,1889,14
4822,3570,4
3579,2524,12
4951,2717,13
3775,2040,3
4517,3409,10
2592,3182,2
1768,508,3
4167,1862,13
3104,2447,6
1879,1564,12
4205,2774,5
2058,11,3
1654,388,14
4821,1814,7
2445,2661,2
2043,3236,8
4675,3270,1
2259,1370,4
1347,2637,9
3938,3308,9
2095,1172,3
4491,1226,13
3382,1101,8
4731,514,4
4908,337,5
4325,331,12
3444,2315,3
1333,3952,10
2945,2147,5
4598,951,6
2063,221,1
4189,2015,6
3586,3981,6
4364,2249,10
2001,552,2
4852,1938,13
2711,2750,3
4455,3896,12
3286,2757,8
2978,915,9
3531,1238,8
1520,1914,5
1348,3382,6
3447,584,1
2415,3922,11
3483,2498,6
2716,1939,11
2453,1891,13
1029,3520,2
2367,686,13
3989,2568,14
4241,1361,8
2932,627,11
2592,3646,14
3416,326,7
3807,335,6
4495,1278,11
4495,2074,6
4178,3150,10
4892,1365,10
3531,3100,10
2292,3674,13
4022,1295,2
2273,3249,5
2634,3682,11
4887,1422,9
2957,2951,11
3202,2289,9
4339,3980,4
4693,556,10
3819,1642,14
1224,3619,1
2020,2173,11
4160,2298,7
1953,433,2
1278,2068,4
4657,3850,7
2583,2085,13
1231,3448,13
4651,2724,11
2455,1103,14
1660,578,10
4222,500,7
2330,822,2
4812,2279,8
3055,380,6
3571,751,3
3639,363,10
3833,2024,12
4957,573,6
1203,1619,9
1948,712,5
3090,2549,13
2488,980,1
4506,3617,3
2175,966,9
2797,2442,13
2438,364,1
1557,822,5
1784,2957,12
2570,3296,4
3499,2171,6
2826,2100,3
3677,1165,9
1162,1599,2
2440,699,11
3313,2821,7
3473,1553,5
1198,985,6
3986,1135,13
4692,1937,3
1576,2369,13
2581,2455,12
1435,2793,13
4465,3051,3
2522,1181,14
1098,3556,6
4384,2143,2
3168,3283,4
4362,846,10
2887,649,11
3474,21,3
3513,1004,10
1323,1342,3
3381,624,10
1590,3267,12
4547,1248,5
4904,3872,4
2558,1533,11
4496,2034,7
3623,3147,6
3742,2520,7
2739,500,3
2586,3833,4
2466,3103,10
1668,3778,2
2905,2443,12
1719,108,14
1022,464,10
1006,1721,14
1946,783,1
3582,2626,5
4215,1440,12
4886,458,6
1148,3424,6
2245,466,12
4589,1436,9
2045,2364,12
4693,3243,4
1073,2350,6
1726,1608,8
1851,3900,6
3247,3864,8
3210,18,4
4269,2017,8
3386,1871,9
4586,1086,3
1463,3138,8
3368,1788,10
3887,233,9
3385,755,4
4343,3440,5
3128,2713,14
4137,3167,2
4072,3361,3
3733,447,14
1750,3152,11
3732,2830,9
1727,2028,2
1948,2058,1
1127,1562,8
1885,2871,8
4109,2067,11
3263,1883,3
2297,424,4
3285,2492,7
4715,236,12
3373,1081,12
2659,3155,8
3339,2937,10
4922,782,6
1465,3666,13
4363,3318,2
2413,3009,8
2137,1885,13
3940,1114,13
4405,4,9
2442,3275,2
4669,2308,5
1104,2603,10
1602,3689,4
3354,321,14
4834,166,1
2980,2107,14
3080,3920,6
2525,2352,8
1157,2349,5
3289,2822,10
1233,1941,5
2277,1357,12
4990,3445,6
3209,2275,10
3903,1455,12
2140,1522,4
2449,998,7
4882,1533,11
1565,1167,6
1061,1106,4
3090,984,11
3042,608,7
3612,245,14
4518,2054,2
1433,3704,1
3627,395,11
3267,1691,9
1604,3964,9
1455,3376,1
1316,2397,4
3162,2840,12
1681,1587,2
2166,2167,5
4068,171,3
2271,3542,2
4802,3066,11
3888,690,11
3595,1727,10
4116,1678,5
2079,637,5
1638,3889,11
4437,3425,12
3992,171,7
3309,1023,2
3524,2215,7
4977,3078,1
2452,2877,4
3312,2187,7
2203,930,8
1982,2483,6
3146,402,13
1880,1186,7
3488,2709,9
2265,3366,1
4634,2259,5
4435,2984,7
1013,3856,4
1867,1001,14
4203,593,13
2053,1407,11
2710,871,4
1935,3625,3
4282,2009,13
2638,3532,9
2435,1532,2
3448,591,12
4128,3687,11
2817,3685,9
2984,3511,13
2671,3572,13
1681,3245,9
2689,1626,1
2243,1276,13
4986,2748,4
3222,944,12
3829,3761,5
2553,3624,7
1007,2417,8
4566,3929,5
4306,1264,5
2444,2413,1
3439,308,7
4770,1593,10
1599,3249,7
2507,775,7
3742,2004,13
1674,698,5
2393,87,7
4154,3024,5
2316,3198,14
3392,719,2
3931,3657,10
3477,861,2
1352,1368,1
3439,1712,8
2526,622,2
4475,1358,12
2207,1744,9
1105,2357,5
4531,3981,8
2528,1846,2
1846,3975,12
3305,2309,3
3411,1897,11
1045,2260,3
3790,2098,2
4777,3617,5
3464,1419,14
1391,3862,14
2903,3144,10
4213,3974,4
2869,828,7
4287,2975,13
3008,2391,11
4940,546,6
4333,2628,11
2313,1179,8
1906,3618,14
3413,2239,8
4423,1776,14
1078,3899,6
1778,3210,3
1048,984,14
1089,2124,8
1419,252,14
1001,1316,6
1618,3552,8
1810,3766,10
2036,3267,3
3799,1358,4
3284,24,14
3062,2659,6
2698,1684,2
2051,662,14
3896,2152,2
2393,2407,4
1536,901,12
2916,1692,3
2172,1868,4
1998,1148,8
4681,159,1
2712,2104,9
3368,594,11
2013,1089,10
2587,1313,11
3112,2232,6
1421,1735,12
3194,1639,2
4772,3318,8
4083,1551,14
1391,2628,11
1529,3361,3
3336,2745,8
3106,2372,1
1118,2353,1
1326,500,2
4964,3219,9
3551,2258,12
3086,201,9
4634,3417,10
2764,865,5
2606,3214,1
4442,3875,9
1717,1180,12
1498,451,7
4297,1526,9
2096,1069,14
4154,2457,14
3401,2659,8
4611,738,13
4222,2013,3
4183,3396,10
1152,1561,1
1166,3343,4
4394,2685,2
4541,2258,4
4536,549,13
3715,3050,4
2086,3600,2
1013,2875,4
3290,2104,5
3653,3365,13
3045,872,6
1448,57,2
3128,1661,7
3066,2162,12
4981,3592,5
2441,508,14
3641,1868,7
2342,1260,11
3543,650,13
3523,3363,1
2831,311,7
2295,2547,4
3711,3105,8
1189,1105,1
2905,2921,1
1528,3348,12
1808,3274,3
4654,3104,2
3480,3779,4
4977,2730,5
1585,832,11
2067,3905,2
4050,3881,3
4870,3274,2
1538,1976,10
2584,168,3
2553,3957,6
2712,910,12
4116,783,12
4845,1612,13
3504,3868,4
1116,511,6
1735,2551,13
3727,3883,5
3535,2776,9
1669,610,5
4872,1151,8
2894,1321,13
1980,2255,3
1692,2566,2
4352,3835,13
