PlayerId,PlayerName,PlayerGender,PlayerDOB
1,Janos Hasel,Male,2001-12-25
2,Barty Kayne,Male,1999-05-17
3,Pattin Maron,Male,2000-02-25
4,Steffane Gandar,Female,2001-01-06
5,Isobel Ferryman,Female,1999-03-19
6,Dorothea Nockells,Female,1996-06-14
7,Humphrey Ivan,Male,1998-12-04
8,Nikki Lambie,Male,1995-09-07
9,Karney Da Costa,Male,2000-01-12
10,Weylin Jakel,Male,1998-06-27
11,Keriann Arnolds,Female,2000-02-16
12,Liz Acock,Female,1997-03-30
13,Emmeline Ferreo,Female,1997-03-06
14,Billye Dudin,Female,1997-12-11
15,Jobie Volkers,Female,1999-08-06
16,Vernice Antrum,Female,1995-12-01
17,Carny Foxley,Male,2001-03-19
18,Augie Morville,Male,2001-10-25
19,Ninette Crier,Female,1997-02-11
20,Ellissa St Angel,Female,1997-05-19
21,Siobhan Alexis,Female,1997-10-09
22,Fan Haly,Female,2000-05-11
23,Rea Reddie,Female,2001-11-07
24,Dulsea Tolossi,Female,2000-10-17
25,Astrix Thairs,Female,2001-07-31
26,Ludwig Dumberell,Male,1996-04-10
27,Raeann Tomaino,Female,1996-01-25
28,Idaline Tevelov,Female,1996-06-20
29,Reade Aidler,Male,1998-03-10
30,Sydney Gregoli,Male,2000-06-05
31,Maryellen Womersley,Female,2000-08-20
32,Elwood Routley,Male,1997-05-26
33,Patrice Darville,Female,2001-12-02
34,Cecilla England,Female,2001-02-13
35,Yevette Lumm,Female,1999-12-18
36,Yale Dethloff,Male,1995-03-10
37,Virgina Palke,Female,2001-05-25
38,Georgia Ziem,Female,2001-01-27
39,Isabella Idiens,Female,1999-05-31
40,Conrado Curry,Male,1995-02-15
41,Milicent Goulden,Female,1997-12-26
42,Shelbi Bufton,Female,1996-09-09
43,Allard Mc Caghan,Male,1998-11-27
44,Terry Cabrer,Male,2000-12-19
45,Alfred Wigzell,Male,2000-09-05
46,Shep Pinare,Male,1998-04-05
47,Eduino Cabral,Male,1998-12-08
48,Gill Sheran,Male,1995-03-01
49,Robinson Christley,Male,1998-08-11
50,Minne Kagan,Female,1998-02-09
51,Olly Yelding,Male,1999-11-22
52,Atlante Franzewitch,Female,1998-11-30
53,Debee Credland,Female,1997-01-25
54,Antonin Brosoli,Male,1999-04-08
55,Cornall Coxon,Male,1998-03-07
56,Crysta Coventon,Female,1998-10-30
57,Danyette Vannuccini,Female,1997-04-17
58,Aurthur Denkel,Male,1997-03-03
59,Denver Ferrettini,Male,2000-09-20
60,Georgie Vidler,Female,1997-05-24
61,Millard Janak,Male,2000-02-19
62,Ursuline Kewley,Female,1998-03-21
63,Dari Bruyet,Female,1995-05-08
64,Friedrich Cawtheray,Male,1996-11-06
65,Vanni MacCaffrey,Female,1998-08-19
66,Zulema Hackly,Female,2000-08-09
67,Clair Salling,Male,2000-12-06
68,Adriaens Edgecombe,Female,1995-10-31
69,Augustina Belford,Female,1998-07-04
70,Wash Sale,Male,1998-08-13
71,Winnie Pastor,Male,1998-03-20
72,Kelley Kunc,Male,1999-10-22
73,Collin Maffezzoli,Male,1995-11-07
74,Sella Huerta,Female,1995-02-05
75,Lois Blyde,Female,1998-07-04
76,Cloe Humbie,Female,1997-06-22
77,Rodolphe Goaley,Male,2000-12-15
78,Annis Lubbock,Female,1998-01-14
79,Cathryn Egdale,Female,1999-01-15
80,Lodovico Dedrick,Male,1997-05-10
81,Stephani Di Maggio,Female,1999-09-24
82,Lin Christall,Male,1996-06-03
83,Joni Ficken,Female,1999-05-12
84,Willamina Stammer,Female,1997-05-08
85,Silvio Docharty,Male,1997-03-07
86,Rochelle Jays,Female,2001-01-13
87,Anne-marie Spare,Female,1999-06-06
88,Imogen Abrashkov,Female,1998-06-29
89,Fairlie Jackson,Male,1997-07-06
90,Erica Schwandt,Female,1995-11-30
91,Tootsie Nester,Female,1996-08-18
92,Blakeley Towndrow,Female,1996-09-21
93,Barry Meriel,Male,2001-06-22
94,Doralin Landeg,Female,1995-03-01
95,Estelle Bourget,Female,1996-11-24
96,Rosita Feldheim,Female,1995-02-20
97,Catie Cowl,Female,1998-10-23
98,Winny Santen,Female,1997-10-24
99,Georgia Cancellieri,Female,1998-09-29
100,Lucilia Attle,Female,1996-01-13
101,Faye Catlin,Female,1995-04-26
102,Hamlin Jelliman,Male,1996-11-25
103,Alair Eusden,Male,1998-06-25
104,Tallulah Marrows,Female,1998-05-18
105,Rachelle Kupker,Female,1998-05-21
106,Gray Bonifazio,Male,1996-05-09
107,Gayelord Ponting,Male,1999-08-31
108,Bridgette Gleeson,Female,1999-08-14
109,Eadmund Revey,Male,2000-07-25
110,Adolf Chasteau,Male,1996-07-03
111,Kakalina Culligan,Female,1999-04-25
112,Raine Corton,Female,1998-08-03
113,Gonzales Sapir,Male,1999-08-18
114,Olwen Thunder,Female,2000-08-19
115,Chrissie McNally,Female,1997-02-22
116,Tedman Martyn,Male,1996-04-14
117,Gregoire Tedman,Male,1996-11-08
118,Tybalt Fleury,Male,2001-03-26
119,Clarissa Rolstone,Female,1995-08-11
120,Anstice Borge,Female,2001-06-24
121,Cos Booy,Male,1996-01-20
122,Elita Peppin,Female,1998-09-16
123,Isiahi Lilleyman,Male,2000-02-03
124,Royal Dick,Male,1996-02-09
125,Ernie Winsiowiecki,Male,1997-10-12
126,Burlie Panas,Male,1998-10-18
127,Kasey Getcliffe,Female,1999-02-03
128,Caren Cortez,Female,1997-09-21
129,Ollie Wayte,Female,1999-10-26
130,Avis Mendenhall,Female,1997-07-18
131,Phillis Moralee,Female,2001-01-08
132,Jimmy Maffin,Male,2000-06-10
133,Nissa Isakovitch,Female,2000-07-15
134,Mel Jersch,Male,1998-01-31
135,Thain Haversum,Male,2000-10-08
136,Cosetta Eggleton,Female,2001-08-13
137,Welch Tracey,Male,1997-01-06
138,Karina Creese,Female,1998-04-04
139,Zsazsa Hexter,Female,2001-04-26
140,Nikos Blagden,Male,1997-11-24
141,Rycca Sevior,Female,1998-05-22
142,Hale Fihelly,Male,2001-12-28
143,Barbara Keal,Female,1995-01-16
144,Debi Weld,Female,1998-01-24
145,Bird Dooher,Female,1996-12-21
146,Jessee Anthonsen,Male,1998-10-12
147,Yard Dymoke,Male,1998-01-16
148,Meyer Milella,Male,1997-05-04
149,Conney Wrates,Male,1995-11-27
150,Antony Klee,Male,1995-12-08
151,Jarrod Scandred,Male,1996-10-10
152,Loralee Bantham,Female,2000-05-23
153,Even Harsent,Male,1997-08-05
154,Waverly Roos,Male,1999-03-09
155,Dorise Eberdt,Female,2001-09-04
156,Dal Lukash,Male,2001-06-03
157,Horatia Beetham,Female,1995-05-06
158,Hansiain Chessell,Male,1997-08-08
159,Reagen Glanders,Male,1995-10-14
160,Ashlin Jewett,Male,1995-01-02
161,Dunn Pimm,Male,1998-06-17
162,Cyril Godspeede,Male,1998-03-23
163,Addia Garthshore,Female,1996-09-30
164,Esdras Bartle,Male,1998-08-24
165,Delaney Yakubov,Male,1996-10-20
166,Hyacinthe O'Cassidy,Female,1998-01-05
167,Ferris Cromwell,Male,1996-11-20
168,Gennifer Gudeman,Female,1999-12-19
169,Carmela Wrankmore,Female,1998-05-31
170,Heinrik Bliben,Male,1997-05-18
171,Charlton Steljes,Male,1997-11-17
172,Ethelbert Ballam,Male,1999-11-20
173,Ronna Tweddell,Female,1995-08-10
174,Liliane Rolles,Female,1996-05-28
175,Merna Lenham,Female,2000-01-01
176,Allen Barnwall,Male,2000-01-18
177,Isis Ubsdall,Female,1996-05-10
178,Ella Heino,Female,2001-07-29
179,Yorgos Hawksby,Male,2000-01-15
180,Olenolin Blythe,Male,1997-08-03
181,Merilee Nadin,Female,2000-07-15
182,Guglielmo Gibard,Male,1999-03-18
183,Kris McKevin,Male,1995-02-24
184,Lee Janas,Male,1997-09-09
185,Gan Skyrm,Male,1997-03-12
186,Christoffer Buggs,Male,1995-12-02
187,Jim Deftie,Male,1999-01-08
188,Leandra Litterick,Female,1995-04-25
189,Marlena Benoiton,Female,2001-04-05
190,Opaline Wabersinke,Female,1999-10-28
191,Wright Pleass,Male,2001-01-12
192,Lorie Ivkovic,Female,1997-09-20
193,Alice Brunicke,Female,1997-08-06
194,Derrik Soles,Male,1996-10-09
195,Arnaldo Hurst,Male,1995-03-21
196,Xenia Palmby,Female,1998-03-10
197,Sharity Hasser,Female,2000-05-16
198,Swen Pack,Male,1995-12-08
199,Rudolph Edling,Male,1999-02-19
200,Natalina Giblett,Female,1997-11-17
201,Kylila Grinyakin,Female,1998-06-21
202,Bradan Boote,Male,2000-07-29
203,Vinita Gracewood,Female,1998-05-25
204,Hedi Jeffress,Female,1998-10-19
205,Arlinda Beavington,Female,1996-07-26
206,Finn Killough,Male,1997-04-24
207,Babbette Benkin,Female,1998-04-25
208,Gilligan Punton,Female,2001-07-24
209,Matteo Icke,Male,1995-10-28
210,Orren Paddeley,Male,1996-05-14
211,Wesley Copnall,Male,2001-09-09
212,Moss Ollive,Male,1996-06-27
213,Paten Whittet,Male,1996-08-31
214,Morty Anderbrugge,Male,1998-11-29
215,Alvin Aindrais,Male,1999-01-28
216,Gail Kibby,Female,1999-12-09
217,Jacklin Lecount,Female,2001-10-01
218,Minny Rushbrook,Female,1998-01-26
219,Johnette Riste,Female,2001-08-28
220,Karrah Staley,Female,1997-10-27
221,Randie Bligh,Male,1998-11-09
222,Kelley Whichelow,Female,1997-04-04
223,Othilie Cuzen,Female,1997-09-04
224,Wiatt Denes,Male,1999-07-15
225,Bertha Peakman,Female,2000-05-17
226,Sayres Robertson,Male,1996-04-17
227,Shela Pixton,Female,2000-07-20
228,Matthus Simmonett,Male,2001-06-08
229,Curt Hrus,Male,2000-07-08
230,Katrine Shank,Female,2000-07-28
231,Britt Randlesome,Female,1999-10-23
232,Armand Shirley,Male,2000-12-25
233,Tabbitha Tebbit,Female,1996-07-15
234,Lotti Cust,Female,1998-12-31
235,Estel Corradino,Female,1995-07-18
236,Willette Mariel,Female,1997-10-21
237,Andrea Kleinmintz,Male,2000-06-19
238,Rosalinda Cosser,Female,1999-06-11
239,Clarette Mallan,Female,1996-04-26
240,Jules Renzullo,Male,2000-06-21
241,Alfons Leeman,Male,1996-10-24
242,Bonnee Ramberg,Female,1995-09-07
243,Simon Shaughnessy,Male,1997-09-20
244,Karylin Starmont,Female,1996-04-02
245,Anna-diane Graith,Female,2000-04-20
246,Cleveland Bosward,Male,1995-06-11
247,Marcellina Riccelli,Female,1999-05-10
248,York Selborne,Male,2000-07-12
249,Marrilee Maciejak,Female,2000-01-08
250,Ettie Dandie,Female,1998-09-16
251,Inez Throssell,Female,1996-12-24
252,Michele Manners,Female,1996-06-09
253,Carine Kitchenside,Female,1998-07-11
254,Cathlene Pechell,Female,1999-10-18
255,Nickie Penrith,Male,2001-01-29
256,Barron Shivlin,Male,2001-12-04
257,Euell Zettler,Male,1996-12-07
258,Marleah Bamblett,Female,1999-04-08
259,Anneliese Straker,Female,2001-06-26
260,Brock Rosenstein,Male,2001-10-31
261,Garland Myers,Female,2000-03-25
262,Jon Weatherburn,Male,1999-06-06
263,Rosabel Stuchbury,Female,1997-09-12
264,Rodi Betjeman,Female,1997-06-16
265,Manon Hammerson,Female,1998-12-10
266,Jaquelyn Lorraway,Female,1998-03-03
267,Correna Koomar,Female,1998-08-05
268,Griz Hastie,Male,1996-06-30
269,Jabez McCrorie,Male,2001-09-01
270,Allx Dunbar,Female,2001-05-03
271,Florencia De la Zenne,Female,1997-07-11
272,Rollins Flement,Male,1996-03-21
273,Brandtr Guitton,Male,2001-10-15
274,Cybill Belchem,Female,1997-09-19
275,Irma McRitchie,Female,1996-05-21
276,Silvio Boor,Male,1999-04-03
277,Dolf Binley,Male,1999-12-31
278,Adina Iggo,Female,1997-11-19
279,Creight Vasilmanov,Male,1998-11-18
280,Dino Daish,Male,2001-06-04
281,Catherina Andrusov,Female,1997-11-14
282,Gilberte Estcot,Female,1995-03-05
283,Eldon Stoodale,Male,1997-12-02
284,Neron Dalziel,Male,1996-05-29
285,Ivie Quail,Female,1999-05-02
286,Bambie Drummond,Female,1997-11-20
287,Iosep Luciani,Male,2001-03-12
288,Lucius Dahlberg,Male,1996-01-09
289,Audry Rapi,Female,1999-11-04
290,Revkah MacGuiness,Female,1998-10-08
291,Rosina Fromont,Female,2000-03-27
292,Jeana Grayham,Female,1997-09-02
293,Cazzie Gadesby,Male,1999-07-26
294,Liana Blew,Female,1999-07-04
295,Arlina Natte,Female,1995-05-22
296,Baillie Goodlife,Male,1996-01-27
297,Yetta Pellant,Female,2001-01-09
298,Jan Conboy,Female,2000-01-17
299,Loise Cranmer,Female,1998-01-10
300,Ailey Powton,Female,2000-02-25
301,Colene Tewkesbury.,Female,2000-08-15
302,Stanislaw Bierman,Male,1999-06-10
303,Alphonse Norcliff,Male,2001-03-09
304,Thorpe Hamsher,Male,1995-04-24
305,Dallis Upshall,Male,2000-11-01
306,Cate Willshere,Female,1996-06-27
307,Min Mulford,Female,1995-02-03
308,Cammy Corp,Female,1998-10-07
309,Beck Mocher,Male,1996-02-12
310,Alric Tomaini,Male,2001-11-29
311,Vanna Trodden,Female,1995-04-19
312,Waiter Shovelton,Male,1996-06-27
313,Ollie Eddowes,Female,1998-09-18
314,Leanna Cameli,Female,1999-11-03
315,Kelly Rutherfoord,Male,2000-04-07
316,Merrel Rivers,Male,1995-06-11
317,Doria Yurtsev,Female,2000-09-17
318,Menard Covill,Male,1996-09-09
319,Quillan Cammack,Male,2000-04-23
320,Skye Arr,Male,1999-04-01
321,Ezri Muncaster,Male,1996-02-05
322,Sebastian Toby,Male,1998-12-21
323,Kelcy Klossek,Female,1995-02-13
324,Carney Cordobes,Male,1998-09-23
325,Danie Lamburne,Male,2000-01-24
326,Johnna Clendennen,Female,2001-01-03
327,Tansy Rankling,Female,1996-01-14
328,Mala Oldford,Female,1997-11-18
329,Khalil Sussex,Male,1998-12-10
330,Alonzo MacTrusty,Male,1999-02-27
331,Reinald Costi,Male,2001-02-28
332,Marabel Steinson,Female,1997-10-11
333,Lonnard Touhig,Male,1995-05-05
334,Sibella Tregea,Female,1997-08-17
335,Hanni Anselm,Female,1995-08-17
336,Robbi Plaschke,Female,1997-08-04
337,Aldus Bayles,Male,2000-05-23
338,Lezley Pooly,Male,1998-04-08
339,Bambie Murt,Female,2000-10-30
340,Wylma Merrick,Female,2000-07-19
341,Brooke Berrane,Male,1999-11-26
342,Krystal Digweed,Female,1997-07-12
343,Brigham Lanchbury,Male,1995-08-15
344,Marchall Ericssen,Male,1998-08-30
345,Donnie Sibbet,Female,1995-08-17
346,Josefina Pigeon,Female,1997-05-23
347,Win Scaddon,Male,1996-10-12
348,Neysa Lansley,Female,1996-06-01
349,Celia Gitting,Female,1998-05-06
350,Benetta Calabry,Female,2000-02-27
351,Ken Goscar,Male,2000-12-01
352,Marilin Colwell,Female,1997-06-20
353,Francoise Towne,Female,2000-01-03
354,Cobb Gilloran,Male,2000-04-05
355,Brooks Luna,Female,1998-12-31
356,Cyndi Mealing,Female,2001-10-27
357,Georas Ennals,Male,1998-12-17
358,Base Reagan,Male,1999-09-28
359,Town Coley,Male,1996-07-03
360,Smith Faraker,Male,1996-05-11
361,Michael Edmonds,Male,1997-08-08
362,Marcy Maass,Female,2001-03-30
363,Tobiah Sheara,Male,1997-08-09
364,Beverlie Griffoen,Female,1996-06-20
365,Janene Ellin,Female,1995-12-05
366,Chryste Paumier,Female,1997-03-20
367,Fonz Mallard,Male,1998-10-08
368,Yelena Wigg,Female,1999-10-23
369,Carolus Carlyle,Male,2001-10-21
370,Roana Keattch,Female,1997-01-25
371,Sheena Last,Female,2001-01-29
372,Noella Boggish,Female,1995-01-21
373,Gerty Hunston,Female,1997-05-11
374,Thor Mathiot,Male,2001-10-04
375,Tabby Craydon,Male,1999-03-20
376,Christalle Condie,Female,1998-05-11
377,Dannel Mayston,Male,1997-06-21
378,Bunnie Ohm,Female,1996-07-19
379,Karissa Butterick,Female,1995-09-26
380,Charlotte Salleir,Female,1996-05-04
381,Monroe Spanton,Male,1999-07-04
382,Octavia Exton,Female,2000-03-21
383,Ranice Graddell,Female,2000-08-23
384,Ursuline Tant,Female,1997-01-23
385,Denyse Bootell,Female,1998-01-08
386,Lurlene Figg,Female,1997-07-25
387,Brunhilde Mackie,Female,1997-03-10
388,Kriste McCall,Female,2000-09-13
389,Herculie Medler,Male,1995-10-19
390,Alika Lockhart,Female,1999-12-01
391,Gerhardt Dandie,Male,2000-07-28
392,Roderic Yakovlev,Male,2001-02-04
393,Burty Squelch,Male,1999-07-26
394,Linet Hurford,Female,2000-10-29
395,Gunilla Eskriett,Female,1996-09-20
396,Oliviero Arney,Male,2000-12-11
397,Bernice Carmont,Female,2001-05-31
398,Avril Schuelcke,Female,2000-04-27
399,Charity Stainer,Female,1995-11-11
400,Ignacius Kilbride,Male,2001-10-14
401,Raven Huffa,Female,1998-02-04
402,Dorrie Darnell,Female,1999-12-19
403,Dane Mallison,Male,1997-08-24
404,Yoshi Portwain,Female,1995-08-27
405,Helen Midson,Female,1995-04-14
406,Simon D'Alessio,Male,1996-12-09
407,Eugenio Renbold,Male,1995-10-03
408,Shawn Hanwright,Male,1999-11-15
409,Lydon McAlester,Male,1995-12-01
410,Wheeler Kenforth,Male,1995-09-18
411,Dory Lethley,Male,1999-01-27
412,Leupold Craigheid,Male,1995-06-09
413,Eliza Hylton,Female,1996-03-31
414,Ashlie Prest,Female,1999-06-06
415,Ivy Harwell,Female,1997-08-29
416,Mirelle Cunnow,Female,2000-02-01
417,Sallee McGiven,Female,1996-11-22
418,Reinwald Mathouse,Male,1995-05-23
419,Beret Pic,Female,1999-09-07
420,Jemmie Tubbs,Female,1998-09-06
421,Tommy Firidolfi,Female,1999-09-28
422,Marilee Bridgwater,Female,1998-09-03
423,Karina Freyne,Female,1997-06-17
424,Nealy Jennions,Male,1999-01-27
425,Aurelea Pellant,Female,2001-06-21
426,Hynda Giraldez,Female,2000-10-27
427,Adda Bradnick,Female,1996-02-12
428,Meyer Wardhaw,Male,2001-04-25
429,Nial Praundlin,Male,2001-04-18
430,Barris Catlin,Male,1998-09-18
431,Caron Lyles,Female,1995-05-10
432,Matty Benedtti,Male,1999-08-17
433,Dela Gommey,Female,2000-11-05
434,Mikkel Claasen,Male,1995-04-26
435,Doyle Leftridge,Male,1995-05-31
436,Beverie Etches,Female,2000-04-22
437,Gage Langtry,Male,1999-01-17
438,Serge Whyborne,Male,2001-05-06
439,Andrew Pendrigh,Male,1995-06-07
440,Yorke Yeskin,Male,2001-09-19
441,Ive Jostan,Male,1998-01-23
442,Ruthie Breznovic,Female,1997-08-07
443,Sidnee Tester,Male,1999-10-29
444,Keary Ruger,Male,2000-12-25
445,Aloise Ashlee,Female,2000-05-07
446,Rebecka Shelmardine,Female,1998-12-12
447,Sara Scorah,Female,1995-08-15
448,Britte Dunklee,Female,1999-09-11
449,Sheela Arling,Female,1996-04-26
450,Armstrong Kilborn,Male,2000-08-13
451,Kimble Fortin,Male,1995-04-18
452,Colby Bagot,Male,2000-04-11
453,Willem Lodeke,Male,2001-10-30
454,Krystyna Files,Female,2000-01-16
455,Nealy Newing,Male,1996-08-08
456,Tera Aleswell,Female,1997-02-14
457,Tiff Castelijn,Female,1996-11-10
458,Roxine Hightown,Female,1995-12-14
459,Bernhard Edgecombe,Male,1998-02-08
460,Fanchette Skyrm,Female,1999-07-25
461,Doyle Scain,Male,1995-05-16
462,Nealy Denisevich,Male,1997-01-30
463,Tilda Whopples,Female,2000-04-01
464,Fairlie Romushkin,Male,2000-01-17
465,Abey Lishmund,Male,1996-04-30
466,Averyl Saladin,Female,2001-01-16
467,Maureen Innocenti,Female,1997-08-17
468,Virginie Gallier,Female,1995-09-26
469,Eduard Maycock,Male,1995-07-02
470,Reiko Cattellion,Female,1999-08-30
471,Marje O' Mara,Female,1996-09-19
472,Loni Clarricoates,Female,1996-01-10
473,Flory Hucquart,Female,1995-08-01
474,Nikolai Toll,Male,1995-08-18
475,Felecia Beaston,Female,1996-02-04
476,Ashlin Mulliner,Male,1996-08-09
477,Freddi Dennert,Female,1995-12-20
478,Jedidiah Rubbert,Male,1995-05-24
479,Svend Crennan,Male,1995-03-22
480,James Shiril,Male,1998-12-11
481,Jarid Chesswas,Male,1998-05-01
482,Beckie Yarham,Female,2001-12-31
483,Burty Matfield,Male,1998-09-13
484,Deloris McKirton,Female,1998-05-28
485,Lil Amoore,Female,2001-06-10
486,Adlai Fereday,Male,1995-10-05
487,Gar Salmons,Male,1998-12-04
488,Bearnard Salling,Male,1996-07-15
489,Armand O'Collopy,Male,1999-01-20
490,Reamonn Teenan,Male,2001-10-24
491,Ranna Minet,Female,2001-09-13
492,Bourke Sheppard,Male,1996-03-24
493,Coralyn Swanborough,Female,2000-01-03
494,Adelind Hollyar,Female,1996-09-03
495,Arnold Lanaway,Male,1999-10-23
496,Grannie Gooderson,Male,2001-05-09
497,Hermione Santori,Female,1997-06-13
498,Mose Lonsdale,Male,2000-07-14
499,Brooks Hoyle,Male,1995-08-07
500,Konstance Hubane,Female,2001-01-21
501,Salim Oldknow,Male,1995-12-30
502,Lincoln Girardin,Male,2001-10-29
503,Imogene Bigadike,Female,2000-11-03
504,Roze Hogben,Female,1997-08-13
505,Whittaker Leathley,Male,1995-05-10
506,Bradley Puddifer,Male,2001-05-31
507,Maurise Mansfield,Male,1999-11-04
508,Garland Eddington,Female,2000-07-20
509,Del McAlpine,Male,1999-06-06
510,Tilda Skeech,Female,1995-10-12
511,Kerianne Churchin,Female,1995-07-31
512,Perle Berthod,Female,1996-11-09
513,Kinsley Cowhig,Male,1999-07-09
514,Augustine Galea,Male,2000-10-01
515,Hortensia Schoales,Female,1995-12-16
516,Anastasie Chicchelli,Female,1998-09-17
517,Tallou Bartomieu,Female,2000-05-17
518,Klaus Rumney,Male,1996-02-22
519,Benoit Sparkwell,Male,1998-12-12
520,Constancia Bohl,Female,1996-09-13
521,Bess Wenden,Female,1999-09-10
522,Brear McQueen,Female,1999-05-20
523,Deni Vawton,Female,1996-04-18
524,Farrel Ledamun,Male,1995-08-30
525,Pearle Wands,Female,2000-12-28
526,Orran Paulisch,Male,1997-07-02
527,Lane Mellenby,Female,2001-03-18
528,Riobard Addey,Male,2000-07-31
529,Che Swinford,Male,1995-01-29
530,Henrietta Benzi,Female,1999-03-19
531,Omar Cumpton,Male,2000-03-26
532,Susanna Urwin,Female,1998-05-07
533,Scotti Belden,Male,2000-02-06
534,Briano Quickenden,Male,1995-01-30
535,Shaina Reford,Female,2000-11-21
536,Hortensia Lovie,Female,2001-01-25
537,Dacey Gowrie,Female,1998-03-18
538,Bathsheba Igo,Female,1996-09-13
539,Rockie Papen,Male,1999-03-18
540,Huntley Wilcinskis,Male,1998-04-23
541,Marmaduke Wimsett,Male,1999-11-27
542,Domingo Liebmann,Male,2001-01-05
543,Cullan Meriton,Male,1998-07-13
544,Lockwood Darbey,Male,1995-10-09
545,Dixie Rubes,Female,1997-04-27
546,Paule McOwen,Female,1996-08-18
547,Bartolemo Marriott,Male,1997-09-20
548,Giacopo Jannequin,Male,1997-06-08
549,Alec Hugonnet,Male,1995-08-23
550,Meagan Karlicek,Female,2001-10-31
551,Melicent Waszczykowski,Female,1995-07-21
552,Scotty Fadden,Male,1995-11-09
553,Joana Pamment,Female,1996-09-07
554,Michail Kinvan,Male,1995-09-24
555,Aloin Gommey,Male,2001-05-09
556,Kylen Sonschein,Female,1996-11-16
557,Maurise Whitton,Male,2001-02-09
558,Isis Gert,Female,1998-01-04
559,Lucita Eltun,Female,2000-05-04
560,Luke Abden,Male,1996-05-29
561,Brandtr Everley,Male,1995-12-22
562,Rurik Drake,Male,1998-01-19
563,Emerson Issatt,Male,1998-10-01
564,Jeri Mariault,Female,1999-04-18
565,Timothee Gorghetto,Male,1996-11-29
566,Doroteya Abbis,Female,1998-01-24
567,Chrisse Sanson,Male,1996-09-28
568,Shannen Moneypenny,Female,1996-06-01
569,Jeannette Pryell,Female,1996-04-07
570,Koralle Stanwix,Female,2000-06-05
571,Kay Gadault,Female,1997-11-29
572,Jard Cregeen,Male,1998-12-22
573,Coralie Usmar,Female,1997-06-25
574,Gilbertine Kilbee,Female,1996-01-01
575,Fair Plenty,Male,1999-12-28
576,Sande Davana,Female,1996-01-16
577,Christoffer Golledge,Male,1997-05-21
578,Lionel Hylton,Male,2001-12-31
579,Rafaello Loughren,Male,1997-02-09
580,Nell Noriega,Female,1996-01-16
581,Eamon Rignoldes,Male,1995-10-24
582,Arnoldo Maton,Male,1999-03-05
583,Calvin Sangwine,Male,2001-12-15
584,Damon Dewdney,Male,1999-05-02
585,Lilly Morando,Female,1999-08-29
586,Reagan Abrahamsohn,Male,1996-02-20
587,Pren Shrimptone,Male,1999-03-30
588,Anstice Founds,Female,1998-11-05
589,Lizbeth Goodison,Female,1998-03-30
590,Baird Shearsby,Male,2001-03-16
591,Esmaria Caldera,Female,1998-01-12
592,Martguerita Swindell,Female,1995-10-17
593,Vidovic Scurrey,Male,2001-06-12
594,Kanya Eddolls,Female,2001-08-17
595,Cristine Dyte,Female,1995-09-11
596,Ede Rubenfeld,Female,1995-03-17
597,Clayson Tansey,Male,2001-07-09
598,Jennilee Barg,Female,1998-10-02
599,Katherina Bettenay,Female,2000-07-18
600,Richmound Reaney,Male,2001-01-11
601,Bibbie Skerman,Female,1995-02-12
602,Renaldo Wornum,Male,1999-09-08
603,Wright Coot,Male,1999-12-31
604,Gannon Barthod,Male,1999-07-29
605,Gage Sandy,Male,2001-12-13
606,Shae O'Rafferty,Male,1996-01-14
607,Christina Schwand,Female,2000-07-07
608,Frasier Caro,Male,1998-06-06
609,Debby Macbane,Female,1998-08-07
610,Moss Lacknor,Male,1996-01-16
611,Ruprecht Flanner,Male,2001-01-01
612,Tann Aldine,Male,1998-12-04
613,Raven Jellico,Female,1997-09-09
614,Elly Ledram,Female,2000-05-18
615,Falito Aronow,Male,1999-11-19
616,Koo Winspeare,Female,1995-09-12
617,Judith Kroin,Female,1996-07-08
618,Tedd Haire,Male,1998-08-11
619,Raquela Di Francecshi,Female,1995-11-21
620,Hilton Bogeys,Male,1996-09-03
621,Bryn Chatteris,Male,1997-06-10
622,Myrta Neate,Female,1999-11-04
623,Earlie Clacey,Male,1998-02-23
624,Bathsheba Keable,Female,1999-10-06
625,Nils Breffitt,Male,1998-02-05
626,Akim Killough,Male,1997-05-10
627,Wallache Baggelley,Male,1999-02-19
628,Irvine Baitman,Male,1996-07-15
629,Kain Keyson,Male,2001-09-22
630,Bobbye Riddoch,Female,1998-07-25
631,Wakefield Rollinshaw,Male,2001-10-16
632,Gennie Odde,Female,1995-08-15
633,Rafferty Coady,Male,2001-04-03
634,Lorettalorna Rush,Female,1998-11-30
635,Gradey Durnford,Male,2000-10-01
636,Alessandro Fuller,Male,1995-07-01
637,Marcia Syddon,Female,2000-05-26
638,Goldina Renneke,Female,1997-08-30
639,Tracy Baddoe,Female,2001-01-19
640,Margit Leadbetter,Female,1998-09-13
641,Jocelyne Biskup,Female,2000-11-20
642,Jaclin Bignell,Female,1998-07-04
643,Ella Skures,Female,1999-07-01
644,Rorke Chason,Male,1997-04-15
645,Vanessa Straun,Female,1995-08-02
646,Romeo Burcombe,Male,1995-01-28
647,Wilden Bambery,Male,1995-11-25
648,Davidde Mechem,Male,2001-03-08
649,Dorris Tingcomb,Female,2000-10-21
650,Vernen Goosey,Male,1999-12-29
651,Sibeal Sallarie,Female,1998-08-24
652,Madison Roll,Male,1995-04-25
653,Gates Marland,Female,1998-01-15
654,Marieann Robert,Female,2001-10-06
655,Burke Aveling,Male,1998-09-05
656,Colan Stailey,Male,2000-06-16
657,Roy Weldrick,Male,1999-02-07
658,Natty Breckwell,Female,1999-04-06
659,Daryle Norridge,Male,1999-07-23
660,Chip Campe,Male,1995-10-28
661,Camellia Messier,Female,1999-11-19
662,See Dearnly,Male,2001-09-26
663,Zebulon Avramovsky,Male,2000-01-24
664,Danica Rzehorz,Female,2000-07-17
665,Christen Menghi,Female,2001-10-17
666,Nicolai Krinks,Male,1999-08-20
667,Molly Colerick,Female,1999-08-30
668,Wenonah Stonbridge,Female,1998-01-24
669,Nollie Bortolotti,Male,1997-12-22
670,Mohammed Garaghan,Male,2000-12-12
671,Dora Burgwyn,Female,1999-01-03
672,Tammy Cosgrave,Male,1998-12-18
673,Quintus Vasilevich,Male,1998-04-01
674,Nat Rosevear,Male,2001-06-04
675,Morgen Coppock.,Male,1997-05-24
676,Carlene Sherred,Female,1995-02-11
677,Shalom Jikovsky,Male,1997-12-05
678,Sebastian Trorey,Male,1997-06-26
679,Vin Bruggen,Male,2000-03-24
680,Eugenia Tooby,Female,2000-11-05
681,Pandora Rogan,Female,1997-11-06
682,Amabelle Jobbins,Female,2000-12-19
683,Bonni Josland,Female,2000-07-13
684,Maury Tiddy,Male,1998-12-03
685,Barbabra Vernazza,Female,1998-03-23
686,Benito Drane,Male,1996-12-14
687,Codie Santori,Male,1997-11-07
688,Milo De Gouy,Male,1995-11-11
689,Cate Lennox,Female,1999-07-11
690,Valentine Ledford,Male,1995-05-07
691,Alyce Stamp,Female,2000-02-08
692,Karleen Hubbold,Female,2001-01-05
693,Letizia Labrum,Female,1996-01-29
694,Mona Cornford,Female,1998-04-19
695,Sileas Elstub,Female,1999-03-11
696,Leticia Prator,Female,1997-08-16
697,Cloe Durber,Female,1996-04-24
698,Noami Tome,Female,1995-09-22
699,Cazzie Dredge,Male,1999-04-28
700,Camille Schneidau,Female,1996-02-04
701,Chip Romney,Male,1999-05-14
702,Marlon Hackforth,Male,1999-07-10
703,Emogene Lavery,Female,1996-02-06
704,Genovera Gawke,Female,1996-10-20
705,Erhart Detloff,Male,1998-05-11
706,Ailene Kondratenko,Female,1995-01-15
707,Meir Recher,Male,1998-01-31
708,Ulrikaumeko Gager,Female,2000-12-27
709,Kellsie McMonnies,Female,1999-02-12
710,Mordecai Hirjak,Male,2001-06-11
711,Raven Forst,Female,1995-10-11
712,Jacklyn Gravestone,Female,2001-12-06
713,Jory Nowick,Male,1995-10-09
714,Prisca Stappard,Female,1997-10-15
715,Catherin Chasmoor,Female,1996-10-25
716,Tamma Winram,Female,1999-10-14
717,Creighton Etchingham,Male,2001-10-27
718,Victoir Rumens,Male,2001-10-29
719,Blondy Blunden,Female,1997-04-21
720,Abbi Jaher,Female,1995-02-19
721,Sylvan Dumbarton,Male,1998-12-30
722,Berkly Ellis,Male,1998-09-30
723,Kerrie Philpin,Female,1998-06-21
724,Willabella Chilver,Female,1998-03-24
725,Ignacius Meikle,Male,2001-04-03
726,Averil Sheringham,Male,1996-06-03
727,Lalo Le Provest,Male,1999-12-18
728,Brion Buyers,Male,1999-04-29
729,Kele Darnody,Male,1996-05-03
730,Tim Angric,Male,2001-10-24
731,Currie Swapp,Male,2001-05-08
732,Shirley Gillbanks,Female,1995-05-10
733,Rupert Mabe,Male,1997-05-11
734,Bradford Boliver,Male,1999-09-25
735,Pinchas Chark,Male,1996-08-03
736,Rheba Helleker,Female,2001-05-08
737,Kitty Havik,Female,2000-01-28
738,Boothe Maloney,Male,1998-07-08
739,Felecia Vannini,Female,1997-05-15
740,Arvin Biever,Male,1999-07-24
741,Victoir Fodden,Male,2000-08-10
742,Stan Calbert,Male,1995-05-02
743,Dara Macci,Female,1995-03-03
744,Schuyler Grishechkin,Male,2001-11-05
745,Gerhardt Antonnikov,Male,2001-07-26
746,Sasha Clegg,Female,1998-06-11
747,Moll Seabrooke,Female,2000-10-15
748,Shannah Hardwicke,Female,1998-09-10
749,Theda Jeacocke,Female,1998-02-26
750,Jarrett Seide,Male,1995-11-10
751,Willard Cossar,Male,2001-12-10
752,Bambie Olivello,Female,1999-06-16
753,Bern Yellop,Male,1999-06-21
754,Talbot Thewys,Male,1995-12-08
755,Kitti Lowrey,Female,1995-10-09
756,Noelyn Marvell,Female,2000-01-30
757,Evangelia Soot,Female,2000-12-23
758,Tremaine Verdie,Male,1997-04-28
759,Misha Berrey,Female,1997-03-12
760,Petronella Beasley,Female,1996-06-05
761,Bertrand Habbon,Male,1997-09-21
762,Netti Epine,Female,1997-05-18
763,Colene Chevin,Female,1996-04-25
764,Chaunce Pankhurst.,Male,1998-12-11
765,Randie Fitzhenry,Male,1997-05-03
766,Marcy Creamen,Female,1999-12-13
767,Toby Mumbray,Female,1997-11-20
768,Adiana Robeiro,Female,1995-02-17
769,Jarad McGrouther,Male,2000-03-11
770,Gabriella Fawdrie,Female,1999-03-01
771,Nathan Champerlen,Male,1998-03-13
772,Reade Goodings,Male,1996-10-12
773,Cathrine Reames,Female,2001-01-12
774,Gram Conti,Male,1998-06-17
775,Karoly Honnan,Male,1996-03-14
776,Birgit Alger,Female,1997-02-11
777,Chickie Ricketts,Male,1998-07-29
778,Eric Braim,Male,2000-02-04
779,Jasen Cammomile,Male,1995-12-05
780,Even Ganniclifft,Male,2000-12-28
781,Cornie Greengrass,Female,1995-08-24
782,Ambrosius Conti,Male,2000-03-19
783,Fernande Poolton,Female,1999-08-11
784,Stevana Ciccotto,Female,2001-03-29
785,Dori Viney,Female,2000-05-09
786,Georgetta Robrow,Female,2000-01-31
787,Rinaldo Cocking,Male,2000-01-02
788,Frankie Ajsik,Male,1995-02-23
789,Erasmus Kitt,Male,2000-09-10
790,Suzanna Guthrie,Female,1998-09-06
791,Zsa zsa Humblestone,Female,1996-04-11
792,Grange Fassmann,Male,1996-01-30
793,Arney Dukesbury,Male,1997-01-10
794,Crin Demetr,Female,2000-11-14
795,Cristal Featenby,Female,1995-01-10
796,Christophe Dominique,Male,2001-06-26
797,Jacquelyn Callacher,Female,1996-05-24
798,Delainey des Remedios,Male,1999-06-30
799,Liza Spyvye,Female,2000-08-14
800,Cynthea MacGinlay,Female,1996-12-05
801,Rodolph Ottawell,Male,2001-01-01
802,Michel Gebuhr,Male,2000-02-01
803,Adela Spriggen,Female,1999-07-03
804,Tatum Banasik,Female,1998-11-03
805,Boigie Summerscales,Male,2000-03-24
806,Chet Humberston,Male,2001-06-13
807,Brittne Kornyshev,Female,1997-07-02
808,Clareta Rawson,Female,1995-01-13
809,Filberto Cheers,Male,1996-08-08
810,Gratiana Andree,Female,2000-10-16
811,Niccolo Landis,Male,1998-07-11
812,Gabriela Blachford,Female,1996-12-09
813,Alwin Rides,Male,1998-08-22
814,Nerissa Palek,Female,1996-12-29
815,Lezlie Gors,Female,2000-02-06
816,Sully Tangye,Male,1997-06-13
817,Georgiana Crothers,Female,1996-12-12
818,Agna Alfonsetto,Female,1995-07-24
819,Genevra Laye,Female,1998-01-22
820,Juliette Sivell,Female,1998-12-11
821,Mattheus Ashlin,Male,2000-07-05
822,Jackelyn Dahlman,Female,1995-02-14
823,Sileas Luckham,Female,1997-02-28
824,Julie Middis,Male,1998-10-05
825,Thornton Bland,Male,2001-03-16
826,Justen Kidsley,Male,2000-12-06
827,Deirdre Frayne,Female,1995-08-05
828,Hesther Boldison,Female,2000-09-07
829,Noni Woloschin,Female,1998-07-16
830,Jessamyn Carpmile,Female,1996-08-12
831,Erminie Barsam,Female,1995-03-29
832,Padget Hamon,Male,2001-10-15
833,Donalt Opdenorth,Male,1997-06-13
834,Vidovik Cullip,Male,1995-12-12
835,Carmine Twidle,Female,1998-08-21
836,Babette Foulger,Female,1999-07-28
837,Ashley Thorn,Female,2001-06-09
838,Alvina Tatnell,Female,1997-10-18
839,Elke Goldsack,Female,1996-06-05
840,Nikkie Ternouth,Female,1998-01-02
841,Raymond McCreary,Male,1999-09-24
842,Melantha Musla,Female,1997-04-30
843,Kelvin Baignard,Male,1999-05-17
844,Trenton King,Male,2000-01-14
845,Codi Attwoul,Male,1999-03-29
846,Demetris Gilbertson,Male,1997-12-20
847,Karoly Feenan,Male,2000-08-07
848,Maison Jorry,Male,1996-02-15
849,Christoph Bolin,Male,1996-07-26
850,Dale Jillins,Male,2001-02-25
851,Kalle Betje,Male,1999-08-03
852,Saunder Hupka,Male,1999-04-29
853,Chico Human,Male,1996-08-16
854,Martie Lampkin,Female,1998-01-17
855,Zena Brumen,Female,1999-12-05
856,Piotr Jindrak,Male,1997-09-05
857,Gan Pulhoster,Male,1998-09-22
858,Richart Campaigne,Male,2001-01-01
859,Cissy Severy,Female,1998-03-05
860,Corey Cobbald,Female,1999-05-05
861,Kaia Akess,Female,2001-03-29
862,Giraud Scarth,Male,2000-09-24
863,Eunice Page,Female,2001-02-10
864,See Saiger,Male,1999-06-26
865,Mahmud Sim,Male,2001-01-06
866,Kacy Calwell,Female,1997-12-08
867,Jarib Chatt,Male,1996-06-02
868,Correna Devinn,Female,1995-11-10
869,Marijn Soaper,Male,1996-12-22
870,Myrna Visick,Female,1996-02-22
871,Trumann Selbie,Male,1995-09-17
872,Salvidor Fine,Male,2000-02-19
873,Daniela Lope,Female,1995-02-26
874,Broderic Ledgister,Male,1996-12-04
875,Uta Cleynaert,Female,2000-09-26
876,Kevyn Angove,Female,2001-02-09
877,Ulrick Genders,Male,2001-08-12
878,Boote Downie,Male,1999-09-09
879,Beatrisa Grigoriscu,Female,2000-02-25
880,Irving Ruffle,Male,1997-12-23
881,Benedikt Hinsche,Male,2000-07-30
882,Abagael Mattocks,Female,1997-08-06
883,Noland Pinshon,Male,1999-07-30
884,Myrtie Whitehurst,Female,1996-04-29
885,Sammie Jeannin,Male,1997-04-23
886,Guido Henfre,Male,1998-08-05
887,Minetta Durrant,Female,1997-03-13
888,Pennie Bewshea,Female,1998-08-11
889,Decca Mowles,Male,1997-12-28
890,Kennith Ormiston,Male,1996-10-03
891,Athene Windrum,Female,1997-11-04
892,Clim Duplan,Male,1999-02-25
893,Avrom Schwandermann,Male,1995-10-30
894,Rora Keenan,Female,1999-03-10
895,Ingamar Dugue,Male,1997-05-09
896,Brenna Thirkettle,Female,1998-01-27
897,Greggory Smidmoor,Male,1998-07-07
898,Rickard Fraser,Male,1999-04-09
899,Beilul Avrasin,Female,1998-07-04
900,Mabel Spere,Female,1998-09-09
901,Tallie Worters,Male,2001-07-16
902,Haroun Cussen,Male,1997-01-19
903,Raphaela O'Mannion,Female,1995-03-12
904,Leopold L'Hommeau,Male,1997-02-04
905,Cassaundra Antoons,Female,1996-06-25
906,Lila Klaus,Female,2001-03-22
907,Dody Littefair,Female,1995-12-05
908,Irvin Hargie,Male,1998-08-18
909,Faunie Cloney,Female,2000-11-28
910,Ruth Tondeur,Female,1995-06-14
911,Lynn Loxston,Male,1999-08-28
912,Lock Jerams,Male,1999-02-15
913,Emlyn Kibard,Male,1998-02-09
914,Clerissa Batterham,Female,1995-02-11
915,Ferdy Kleinmann,Male,1998-03-17
916,Drona Spincke,Female,1997-01-07
917,Zandra Vila,Female,1995-12-30
918,Adorne Shoebottom,Female,2000-03-25
919,Melinda Precious,Female,1997-07-05
920,Evita Matton,Female,1996-05-23
921,Cyb Dewfall,Female,1996-12-15
922,Sibley Fontin,Female,1996-01-17
923,Pierrette Edland,Female,1997-07-03
924,Aveline Pigram,Female,1996-02-03
925,Shawn Wolledge,Male,2000-07-06
926,Donetta Nutley,Female,1995-02-07
927,Abdel McGahern,Male,1999-08-31
928,Petr Crowthe,Male,1997-01-13
929,Chickie Evason,Female,1997-08-07
930,Marlyn Cutforth,Female,1997-01-09
931,Sidonnie Cornthwaite,Female,2001-04-04
932,Tabb MacMeanma,Male,2001-10-11
933,Harmon Morriarty,Male,1998-05-22
934,Bern Goodsell,Male,1999-11-20
935,Alwyn Muriel,Male,1997-08-02
936,Skippy Duffree,Male,1995-01-25
937,Morgen Terlinden,Male,1999-12-31
938,Ozzie McRinn,Male,2001-09-29
939,Alwin Slite,Male,1997-01-17
940,Janot Eldrett,Female,1996-11-02
941,Joseito Revan,Male,1999-05-02
942,Barclay Duffield,Male,1996-09-12
943,Bryana Peirazzi,Female,1995-04-03
944,Jillene Hupe,Female,1999-10-04
945,Cord Mc Coughan,Male,1995-11-17
946,Ariella Faunch,Female,1997-09-05
947,Regan Petrashkov,Female,2001-08-16
948,Aldous Fullilove,Male,1998-11-16
949,Joana McKilroe,Female,1997-06-13
950,Vance Blincow,Male,2000-09-28
951,Em Nissle,Male,2001-12-31
952,Jayme Dallinder,Male,1996-04-22
953,Boone Truss,Male,1998-04-28
954,Fianna Kuban,Female,2001-07-05
955,Rubin Steagall,Male,1995-09-30
956,Meggie Kidstoun,Female,1997-02-25
957,Hansiain Elders,Male,1995-01-23
958,Ciel Braisher,Female,2000-12-01
959,Windham DelaField,Male,2000-03-13
960,Chancey Torresi,Male,1997-08-15
961,Kiley Kielty,Female,2000-11-04
962,Cecilio Santi,Male,1998-11-26
963,Luisa Bradd,Female,1999-04-06
964,Mehetabel Champagne,Female,2001-03-12
965,Marice Corkel,Female,1995-06-20
966,Alayne Bravery,Female,1999-10-18
967,Hastie Mordan,Male,1997-07-04
968,Natale Hofler,Male,1995-12-07
969,Sven Sleath,Male,1998-07-09
970,Janaye Asker,Female,2000-07-25
971,Jon Wightman,Male,1997-02-21
972,Roscoe Franchioni,Male,1998-03-21
973,Josi Kitman,Female,1995-09-29
974,Melinda Acklands,Female,1996-01-25
975,Anita Brimilcombe,Female,1997-02-03
976,Hector Harker,Male,2001-08-26
977,Bob Randal,Male,1996-03-03
978,Velvet De Beauchamp,Female,1996-04-04
979,Guenevere Harriss,Female,2000-12-31
980,Werner Casaccio,Male,2001-02-12
981,Wolfgang McCritchie,Male,1997-08-28
982,Padraig Dominguez,Male,2001-12-15
983,Valle Schohier,Male,1998-04-11
984,Gabriello Philcock,Male,1995-02-07
985,Dominik Litherborough,Male,1997-10-03
986,Carole Adel,Female,1997-09-16
987,Amery McCluskey,Male,1995-05-28
988,Kristopher Fluit,Male,1999-06-17
989,Abbe Bouchard,Male,1997-02-12
990,Anna-diane Cleaton,Female,1996-10-13
991,Trent Northley,Male,2001-01-21
992,Noella Atack,Female,1995-12-21
993,Keri Dibnah,Female,1996-02-16
994,Pasquale Bridson,Male,1999-02-19
995,Eddy Crich,Female,1999-05-29
996,Seward Purcell,Male,1998-01-14
997,Natty Henrys,Female,1995-10-06
998,Gavra Raynham,Female,2001-10-28
999,Derk Outright,Male,1996-11-22
1000,Cynthy Clawson,Female,1996-04-27
