BranchID,BranchName,BranchAddress,BranchCountry
1,Trippledex,84683 Schlimgen Trail,Afghanistan
2,Solarbreeze,9 Cascade Parkway,Austria
3,Zoolab,52 Hooker Street,Mexico
4,Y-Solowarm,24660 Nobel Park,New Zealand
5,Zamit,3777 Park Meadow Way,Indonesia
6,Tresom,3877 Truax Crossing,Nigeria
7,Solarbreeze,9 Summer Ridge Way,Georgia
8,Fixflex,16092 Morning Terrace,Sweden
9,Span,5 Mallory Hill,Iran
10,Fintone,3 Talmadge Hill,Ukraine
11,Y-find,77160 Manufacturers Court,Netherlands
12,Zoolab,87448 Trailsway Plaza,Indonesia
13,Otcom,131 Morning Trail,Brazil
14,Tin,5 Rieder Way,Honduras
15,Domainer,21 Di Loreto Avenue,Brazil
16,Tin,9 Lyons Crossing,China
17,Domainer,02379 Rockefeller Trail,Oman
18,Prodder,0 Butternut Crossing,Peru
19,Flowdesk,56 Riverside Center,China
20,Greenlam,6207 Golden Leaf Crossing,Indonesia
21,Bamity,4191 Fieldstone Crossing,China
22,Tempsoft,35 Valley Edge Junction,China
23,Vagram,42 Northfield Avenue,Morocco
24,Rank,08174 Golden Leaf Point,Serbia
25,Keylex,93 Swallow Park,Poland
26,Quo Lux,2279 Reinke Avenue,Indonesia
27,Lotstring,597 Lakeland Lane,Philippines
28,Bamity,9 Monterey Plaza,China
29,Temp,0 Mariners Cove Crossing,Japan
30,Asoka,66 Johnson Hill,Indonesia
31,Namfix,2 Rockefeller Park,China
32,Transcof,22700 Thierer Hill,Russia
33,Cookley,881 Tomscot Plaza,France
34,Zamit,0435 Sutteridge Hill,China
35,Alpha,3 Daystar Street,Ethiopia
36,Otcom,8630 Algoma Junction,Kazakhstan
37,Bitchip,55285 Algoma Street,Colombia
38,Bamity,447 Elgar Alley,China
39,Cardguard,7 Northridge Parkway,Indonesia
40,Bitchip,7 Cambridge Court,Thailand
41,Sonair,562 Warrior Alley,Thailand
42,Job,012 Brown Road,Brazil
43,Solarbreeze,461 Loftsgordon Road,Philippines
44,Zaam-Dox,3 Katie Way,Armenia
45,Namfix,3 Westerfield Street,Luxembourg
46,Redhold,9179 Doe Crossing Circle,Israel
47,Fixflex,20 Bobwhite Drive,United States
48,Trippledex,64 Corry Parkway,Czech Republic
49,Transcof,0 Blackbird Point,Indonesia
50,Cardify,1688 Mockingbird Junction,United States
51,Bytecard,786 Tomscot Center,Brazil
52,Tin,5143 Crest Line Court,Philippines
53,Ronstring,5 Pleasure Parkway,Namibia
54,Konklux,55 Butterfield Lane,China
55,Job,2 Pearson Lane,Mayotte
56,Home Ing,87 Nobel Drive,Australia
57,Toughjoyfax,1633 Macpherson Alley,Indonesia
58,Latlux,9481 Ronald Regan Pass,Argentina
59,Regrant,364 Cascade Parkway,Japan
60,Biodex,57 Ridgeway Point,Vietnam
61,Biodex,808 Gale Park,Indonesia
62,Cardguard,498 Hanover Alley,China
63,Redhold,5 Rusk Junction,Philippines
64,Pannier,61 American Ash Pass,Japan
65,Quo Lux,8 Blaine Court,Ireland
66,Alpha,34397 Del Sol Road,Russia
67,Fintone,78851 Esch Hill,China
68,Rank,41 Golden Leaf Lane,Portugal
69,Asoka,07 Buhler Park,Brazil
70,Alpha,5 Melrose Plaza,Brazil
71,Cardify,70377 Crowley Road,Indonesia
72,Stronghold,2192 Northview Drive,Sweden
73,Fix San,78933 Reindahl Terrace,Portugal
74,Bitwolf,6554 Ridge Oak Lane,Russia
75,Flowdesk,30 Cherokee Plaza,South Africa
76,Tempsoft,8079 Crownhardt Parkway,Argentina
77,Trippledex,057 Cody Center,United States
78,Y-Solowarm,5202 Carpenter Place,Greece
79,Subin,4903 Fulton Parkway,Luxembourg
80,Cardguard,1 Ridge Oak Avenue,Sweden
81,Vagram,1 Forest Run Place,Latvia
82,Domainer,74 Reindahl Drive,Thailand
83,Rank,7 Monterey Drive,China
84,Cardify,28922 Boyd Street,France
85,Andalax,6 Macpherson Junction,Japan
86,Bitwolf,86 Armistice Pass,Greece
87,Zoolab,0100 Longview Drive,Saint Vincent and the Grenadines
88,Lotstring,6016 Holy Cross Terrace,Brazil
89,Trippledex,69810 Pepper Wood Trail,United States
90,Trippledex,1709 Anzinger Avenue,China
91,Tampflex,89079 Westridge Avenue,Iran
92,Wrapsafe,24 Mayer Alley,Ukraine
93,Solarbreeze,15 Caliangt Pass,Greece
94,Sub-Ex,0994 Kenwood Lane,Chad
95,Daltfresh,03722 Mifflin Center,Iran
96,Temp,50787 Roxbury Street,China
97,Temp,355 Leroy Parkway,Malaysia
98,Andalax,7291 Oneill Crossing,Finland
99,Tin,3561 Myrtle Street,Russia
100,Namfix,9577 Ryan Trail,Russia
